escola,municipio,estado,ano,arquivo,disciplina,percentual_acertos,codigo,habilidade
CIEP BRIZOLAO MUNICIPALIZADO 288 PROFESSOR RUY GONCALVES RAMOS,MENDES,RIO DE JANEIRO,6º ANO,C:\Users\User1\Downloads\OneDrive_1_02-06-2026 (1)\CIEP BRIZOLAO MUNICIPALIZADO 288 PROFESSOR RUY GONCALVES RAMOS\Consolidado Saex - 6º ANO.pdf,Língua Portuguesa,81,D021_P,Localizar informação explícita.
CIEP BRIZOLAO MUNICIPALIZADO 288 PROFESSOR RUY GONCALVES RAMOS,MENDES,RIO DE JANEIRO,6º ANO,C:\Users\User1\Downloads\OneDrive_1_02-06-2026 (1)\CIEP BRIZOLAO MUNICIPALIZADO 288 PROFESSOR RUY GONCALVES RAMOS\Consolidado Saex - 6º ANO.pdf,Língua Portuguesa,75,D017_P,Reconhecer o gênero de um texto.
CIEP BRIZOLAO MUNICIPALIZADO 288 PROFESSOR RUY GONCALVES RAMOS,MENDES,RIO DE JANEIRO,6º ANO,C:\Users\User1\Downloads\OneDrive_1_02-06-2026 (1)\CIEP BRIZOLAO MUNICIPALIZADO 288 PROFESSOR RUY GONCALVES RAMOS\Consolidado Saex - 6º ANO.pdf,Língua Portuguesa,73,D037_P,"Reconhecer as relações entre partes de um texto, identificando os recursos coesivos que contribuem para a sua continuidade."
CIEP BRIZOLAO MUNICIPALIZADO 288 PROFESSOR RUY GONCALVES RAMOS,MENDES,RIO DE JANEIRO,6º ANO,C:\Users\User1\Downloads\OneDrive_1_02-06-2026 (1)\CIEP BRIZOLAO MUNICIPALIZADO 288 PROFESSOR RUY GONCALVES RAMOS\Consolidado Saex - 6º ANO.pdf,Língua Portuguesa,72,D022_P,Inferir o sentido de palavra ou expressão a partir do contexto.
CIEP BRIZOLAO MUNICIPALIZADO 288 PROFESSOR RUY GONCALVES RAMOS,MENDES,RIO DE JANEIRO,6º ANO,C:\Users\User1\Downloads\OneDrive_1_02-06-2026 (1)\CIEP BRIZOLAO MUNICIPALIZADO 288 PROFESSOR RUY GONCALVES RAMOS\Consolidado Saex - 6º ANO.pdf,Língua Portuguesa,72,D057_P,Interpretar textos que articulam elementos verbais e não verbais.
CIEP BRIZOLAO MUNICIPALIZADO 288 PROFESSOR RUY GONCALVES RAMOS,MENDES,RIO DE JANEIRO,6º ANO,C:\Users\User1\Downloads\OneDrive_1_02-06-2026 (1)\CIEP BRIZOLAO MUNICIPALIZADO 288 PROFESSOR RUY GONCALVES RAMOS\Consolidado Saex - 6º ANO.pdf,Língua Portuguesa,71,D023_P,Inferir informações em textos.
CIEP BRIZOLAO MUNICIPALIZADO 288 PROFESSOR RUY GONCALVES RAMOS,MENDES,RIO DE JANEIRO,6º ANO,C:\Users\User1\Downloads\OneDrive_1_02-06-2026 (1)\CIEP BRIZOLAO MUNICIPALIZADO 288 PROFESSOR RUY GONCALVES RAMOS\Consolidado Saex - 6º ANO.pdf,Língua Portuguesa,60,D030_P,Reconhecer os elementos que compõem uma narrativa e o conflito gerador.
CIEP BRIZOLAO MUNICIPALIZADO 288 PROFESSOR RUY GONCALVES RAMOS,MENDES,RIO DE JANEIRO,6º ANO,C:\Users\User1\Downloads\OneDrive_1_02-06-2026 (1)\CIEP BRIZOLAO MUNICIPALIZADO 288 PROFESSOR RUY GONCALVES RAMOS\Consolidado Saex - 6º ANO.pdf,Língua Portuguesa,59,D028_P,Reconhecer o assunto de um texto lido.
CIEP BRIZOLAO MUNICIPALIZADO 288 PROFESSOR RUY GONCALVES RAMOS,MENDES,RIO DE JANEIRO,6º ANO,C:\Users\User1\Downloads\OneDrive_1_02-06-2026 (1)\CIEP BRIZOLAO MUNICIPALIZADO 288 PROFESSOR RUY GONCALVES RAMOS\Consolidado Saex - 6º ANO.pdf,Língua Portuguesa,58,D054_P,Reconhecer o efeito de sentido decorrente da exploração de recursos morfossintáticos.
CIEP BRIZOLAO MUNICIPALIZADO 288 PROFESSOR RUY GONCALVES RAMOS,MENDES,RIO DE JANEIRO,6º ANO,C:\Users\User1\Downloads\OneDrive_1_02-06-2026 (1)\CIEP BRIZOLAO MUNICIPALIZADO 288 PROFESSOR RUY GONCALVES RAMOS\Consolidado Saex - 6º ANO.pdf,Língua Portuguesa,56,D019_P,Reconhecer formas de tratar uma informação na comparação de textos que tratam do mesmo tema.
CIEP BRIZOLAO MUNICIPALIZADO 288 PROFESSOR RUY GONCALVES RAMOS,MENDES,RIO DE JANEIRO,6º ANO,C:\Users\User1\Downloads\OneDrive_1_02-06-2026 (1)\CIEP BRIZOLAO MUNICIPALIZADO 288 PROFESSOR RUY GONCALVES RAMOS\Consolidado Saex - 6º ANO.pdf,Língua Portuguesa,53,D039_P,Reconhecer o sentido das relações lógico-discursivas em um texto.
CIEP BRIZOLAO MUNICIPALIZADO 288 PROFESSOR RUY GONCALVES RAMOS,MENDES,RIO DE JANEIRO,6º ANO,C:\Users\User1\Downloads\OneDrive_1_02-06-2026 (1)\CIEP BRIZOLAO MUNICIPALIZADO 288 PROFESSOR RUY GONCALVES RAMOS\Consolidado Saex - 6º ANO.pdf,Língua Portuguesa,50,D038_P,Distinguir um fato da opinião.
CIEP BRIZOLAO MUNICIPALIZADO 288 PROFESSOR RUY GONCALVES RAMOS,MENDES,RIO DE JANEIRO,6º ANO,C:\Users\User1\Downloads\OneDrive_1_02-06-2026 (1)\CIEP BRIZOLAO MUNICIPALIZADO 288 PROFESSOR RUY GONCALVES RAMOS\Consolidado Saex - 6º ANO.pdf,Língua Portuguesa,43,D016_P,Identificar a finalidade de textos de diferentes gêneros. (Matemática):
CIEP BRIZOLAO MUNICIPALIZADO 288 PROFESSOR RUY GONCALVES RAMOS,MENDES,RIO DE JANEIRO,6º ANO,C:\Users\User1\Downloads\OneDrive_1_02-06-2026 (1)\CIEP BRIZOLAO MUNICIPALIZADO 288 PROFESSOR RUY GONCALVES RAMOS\Consolidado Saex - 6º ANO.pdf,Matemática,6,D030_M,Identificar o maior e/ou o menor número racional dentre uma coleção de números racionais.
CIEP BRIZOLAO MUNICIPALIZADO 288 PROFESSOR RUY GONCALVES RAMOS,MENDES,RIO DE JANEIRO,6º ANO,C:\Users\User1\Downloads\OneDrive_1_02-06-2026 (1)\CIEP BRIZOLAO MUNICIPALIZADO 288 PROFESSOR RUY GONCALVES RAMOS\Consolidado Saex - 6º ANO.pdf,Matemática,91,D022_M,Identificar a localização ou a movimentação de pessoas ou objetos em uma representação plana do espaço.
CIEP BRIZOLAO MUNICIPALIZADO 288 PROFESSOR RUY GONCALVES RAMOS,MENDES,RIO DE JANEIRO,6º ANO,C:\Users\User1\Downloads\OneDrive_1_02-06-2026 (1)\CIEP BRIZOLAO MUNICIPALIZADO 288 PROFESSOR RUY GONCALVES RAMOS\Consolidado Saex - 6º ANO.pdf,Matemática,14,D002_M,Classificar triângulos por meio de suas propriedades.
CIEP BRIZOLAO MUNICIPALIZADO 288 PROFESSOR RUY GONCALVES RAMOS,MENDES,RIO DE JANEIRO,6º ANO,C:\Users\User1\Downloads\OneDrive_1_02-06-2026 (1)\CIEP BRIZOLAO MUNICIPALIZADO 288 PROFESSOR RUY GONCALVES RAMOS\Consolidado Saex - 6º ANO.pdf,Matemática,8,D026_M,Identificar frações equivalentes.
CIEP BRIZOLAO MUNICIPALIZADO 288 PROFESSOR RUY GONCALVES RAMOS,MENDES,RIO DE JANEIRO,6º ANO,C:\Users\User1\Downloads\OneDrive_1_02-06-2026 (1)\CIEP BRIZOLAO MUNICIPALIZADO 288 PROFESSOR RUY GONCALVES RAMOS\Consolidado Saex - 6º ANO.pdf,Matemática,27,D072_M,Utilizar o cálculo de um valor desconhecido que torna verdadeira uma igualdade na resolução de problemas.
CIEP BRIZOLAO MUNICIPALIZADO 288 PROFESSOR RUY GONCALVES RAMOS,MENDES,RIO DE JANEIRO,6º ANO,C:\Users\User1\Downloads\OneDrive_1_02-06-2026 (1)\CIEP BRIZOLAO MUNICIPALIZADO 288 PROFESSOR RUY GONCALVES RAMOS\Consolidado Saex - 6º ANO.pdf,Matemática,26,D069_M,"Utilizar números racionais, envolvendo diferentes significados das operações, na resolução de problemas."
CIEP BRIZOLAO MUNICIPALIZADO 288 PROFESSOR RUY GONCALVES RAMOS,MENDES,RIO DE JANEIRO,6º ANO,C:\Users\User1\Downloads\OneDrive_1_02-06-2026 (1)\CIEP BRIZOLAO MUNICIPALIZADO 288 PROFESSOR RUY GONCALVES RAMOS\Consolidado Saex - 6º ANO.pdf,Matemática,17,D038_M,"Identificar uma sequência crescente ou decrescente, dentre uma coleção de sequências de números racionais."
CIEP BRIZOLAO MUNICIPALIZADO 288 PROFESSOR RUY GONCALVES RAMOS,MENDES,RIO DE JANEIRO,6º ANO,C:\Users\User1\Downloads\OneDrive_1_02-06-2026 (1)\CIEP BRIZOLAO MUNICIPALIZADO 288 PROFESSOR RUY GONCALVES RAMOS\Consolidado Saex - 6º ANO.pdf,Matemática,27,D011_M,Corresponder o horário de início e de término com o intervalo de duração de um evento ou acontecimento.
CIEP BRIZOLAO MUNICIPALIZADO 288 PROFESSOR RUY GONCALVES RAMOS,MENDES,RIO DE JANEIRO,6º ANO,C:\Users\User1\Downloads\OneDrive_1_02-06-2026 (1)\CIEP BRIZOLAO MUNICIPALIZADO 288 PROFESSOR RUY GONCALVES RAMOS\Consolidado Saex - 6º ANO.pdf,Matemática,48,D044_M,Reconhecer fração como representação associada a diferentes significados.
CIEP BRIZOLAO MUNICIPALIZADO 288 PROFESSOR RUY GONCALVES RAMOS,MENDES,RIO DE JANEIRO,6º ANO,C:\Users\User1\Downloads\OneDrive_1_02-06-2026 (1)\CIEP BRIZOLAO MUNICIPALIZADO 288 PROFESSOR RUY GONCALVES RAMOS\Consolidado Saex - 6º ANO.pdf,Matemática,37,D081_M,Utilizar porcentagem na resolução de problemas.
CIEP BRIZOLAO MUNICIPALIZADO 288 PROFESSOR RUY GONCALVES RAMOS,MENDES,RIO DE JANEIRO,6º ANO,C:\Users\User1\Downloads\OneDrive_1_02-06-2026 (1)\CIEP BRIZOLAO MUNICIPALIZADO 288 PROFESSOR RUY GONCALVES RAMOS\Consolidado Saex - 6º ANO.pdf,Matemática,32,D070_M,Utilizar o cálculo da fração de uma quantidade na resolução de problemas.
CIEP BRIZOLAO MUNICIPALIZADO 288 PROFESSOR RUY GONCALVES RAMOS,MENDES,RIO DE JANEIRO,6º ANO,C:\Users\User1\Downloads\OneDrive_1_02-06-2026 (1)\CIEP BRIZOLAO MUNICIPALIZADO 288 PROFESSOR RUY GONCALVES RAMOS\Consolidado Saex - 6º ANO.pdf,Matemática,83,D015_M,Determinar o número desconhecido que torna verdadeira uma igualdade matemática envolvendo representação simbólica.
CIEP BRIZOLAO MUNICIPALIZADO 288 PROFESSOR RUY GONCALVES RAMOS,MENDES,RIO DE JANEIRO,6º ANO,C:\Users\User1\Downloads\OneDrive_1_02-06-2026 (1)\CIEP BRIZOLAO MUNICIPALIZADO 288 PROFESSOR RUY GONCALVES RAMOS\Consolidado Saex - 6º ANO.pdf,Matemática,82,D008_M,Corresponder números naturais à sua escrita por extenso.
CIEP BRIZOLAO MUNICIPALIZADO 288 PROFESSOR RUY GONCALVES RAMOS,MENDES,RIO DE JANEIRO,6º ANO,C:\Users\User1\Downloads\OneDrive_1_02-06-2026 (1)\CIEP BRIZOLAO MUNICIPALIZADO 288 PROFESSOR RUY GONCALVES RAMOS\Consolidado Saex - 6º ANO.pdf,Matemática,78,D042_M,Reconhecer características do sistema de numeração decimal.
CIEP BRIZOLAO MUNICIPALIZADO 288 PROFESSOR RUY GONCALVES RAMOS,MENDES,RIO DE JANEIRO,6º ANO,C:\Users\User1\Downloads\OneDrive_1_02-06-2026 (1)\CIEP BRIZOLAO MUNICIPALIZADO 288 PROFESSOR RUY GONCALVES RAMOS\Consolidado Saex - 6º ANO.pdf,Matemática,64,D066_M,"Utilizar números naturais, envolvendo diferentes significados da adição ou da subtração, na resolução de problemas."
CIEP BRIZOLAO MUNICIPALIZADO 288 PROFESSOR RUY GONCALVES RAMOS,MENDES,RIO DE JANEIRO,6º ANO,C:\Users\User1\Downloads\OneDrive_1_02-06-2026 (1)\CIEP BRIZOLAO MUNICIPALIZADO 288 PROFESSOR RUY GONCALVES RAMOS\Consolidado Saex - 6º ANO.pdf,Matemática,53,D080_M,Utilizar perímetro de figuras bidimensionais na resolução de problema.
CIEP BRIZOLAO MUNICIPALIZADO 288 PROFESSOR RUY GONCALVES RAMOS,MENDES,RIO DE JANEIRO,6º ANO,C:\Users\User1\Downloads\OneDrive_1_02-06-2026 (1)\CIEP BRIZOLAO MUNICIPALIZADO 288 PROFESSOR RUY GONCALVES RAMOS\Consolidado Saex - 6º ANO.pdf,Matemática,31,D055_M,"Utilizar conversão entre unidades de medida, na resolução de problema."
CIEP BRIZOLAO MUNICIPALIZADO 288 PROFESSOR RUY GONCALVES RAMOS,MENDES,RIO DE JANEIRO,6º ANO,C:\Users\User1\Downloads\OneDrive_1_02-06-2026 (1)\CIEP BRIZOLAO MUNICIPALIZADO 288 PROFESSOR RUY GONCALVES RAMOS\Consolidado Saex - 6º ANO.pdf,Matemática,30,D041_M,"Reconhecer ângulos como mudança de direção ou giro, identificando ângulos retos e não retos."
CIEP BRIZOLAO MUNICIPALIZADO 288 PROFESSOR RUY GONCALVES RAMOS,MENDES,RIO DE JANEIRO,7º ANO,C:\Users\User1\Downloads\OneDrive_1_02-06-2026 (1)\CIEP BRIZOLAO MUNICIPALIZADO 288 PROFESSOR RUY GONCALVES RAMOS\Consolidado Saex - 7º ANO.pdf,Língua Portuguesa,80,D054_P,Reconhecer o efeito de sentido decorrente da exploração de recursos morfossintáticos.
CIEP BRIZOLAO MUNICIPALIZADO 288 PROFESSOR RUY GONCALVES RAMOS,MENDES,RIO DE JANEIRO,7º ANO,C:\Users\User1\Downloads\OneDrive_1_02-06-2026 (1)\CIEP BRIZOLAO MUNICIPALIZADO 288 PROFESSOR RUY GONCALVES RAMOS\Consolidado Saex - 7º ANO.pdf,Língua Portuguesa,71,D028_P,Reconhecer o assunto de um texto lido.
CIEP BRIZOLAO MUNICIPALIZADO 288 PROFESSOR RUY GONCALVES RAMOS,MENDES,RIO DE JANEIRO,7º ANO,C:\Users\User1\Downloads\OneDrive_1_02-06-2026 (1)\CIEP BRIZOLAO MUNICIPALIZADO 288 PROFESSOR RUY GONCALVES RAMOS\Consolidado Saex - 7º ANO.pdf,Língua Portuguesa,64,D030_P,Reconhecer os elementos que compõem uma narrativa e o conflito gerador.
CIEP BRIZOLAO MUNICIPALIZADO 288 PROFESSOR RUY GONCALVES RAMOS,MENDES,RIO DE JANEIRO,7º ANO,C:\Users\User1\Downloads\OneDrive_1_02-06-2026 (1)\CIEP BRIZOLAO MUNICIPALIZADO 288 PROFESSOR RUY GONCALVES RAMOS\Consolidado Saex - 7º ANO.pdf,Língua Portuguesa,63,D022_P,Inferir o sentido de palavra ou expressão a partir do contexto.
CIEP BRIZOLAO MUNICIPALIZADO 288 PROFESSOR RUY GONCALVES RAMOS,MENDES,RIO DE JANEIRO,7º ANO,C:\Users\User1\Downloads\OneDrive_1_02-06-2026 (1)\CIEP BRIZOLAO MUNICIPALIZADO 288 PROFESSOR RUY GONCALVES RAMOS\Consolidado Saex - 7º ANO.pdf,Língua Portuguesa,63,D044_P,Identificar marcas linguísticas em um texto.
CIEP BRIZOLAO MUNICIPALIZADO 288 PROFESSOR RUY GONCALVES RAMOS,MENDES,RIO DE JANEIRO,7º ANO,C:\Users\User1\Downloads\OneDrive_1_02-06-2026 (1)\CIEP BRIZOLAO MUNICIPALIZADO 288 PROFESSOR RUY GONCALVES RAMOS\Consolidado Saex - 7º ANO.pdf,Língua Portuguesa,56,D017_P,Reconhecer o gênero de um texto.
CIEP BRIZOLAO MUNICIPALIZADO 288 PROFESSOR RUY GONCALVES RAMOS,MENDES,RIO DE JANEIRO,7º ANO,C:\Users\User1\Downloads\OneDrive_1_02-06-2026 (1)\CIEP BRIZOLAO MUNICIPALIZADO 288 PROFESSOR RUY GONCALVES RAMOS\Consolidado Saex - 7º ANO.pdf,Língua Portuguesa,56,D039_P,Reconhecer o sentido das relações lógico-discursivas em um texto.
CIEP BRIZOLAO MUNICIPALIZADO 288 PROFESSOR RUY GONCALVES RAMOS,MENDES,RIO DE JANEIRO,7º ANO,C:\Users\User1\Downloads\OneDrive_1_02-06-2026 (1)\CIEP BRIZOLAO MUNICIPALIZADO 288 PROFESSOR RUY GONCALVES RAMOS\Consolidado Saex - 7º ANO.pdf,Língua Portuguesa,48,D038_P,Distinguir um fato da opinião.
CIEP BRIZOLAO MUNICIPALIZADO 288 PROFESSOR RUY GONCALVES RAMOS,MENDES,RIO DE JANEIRO,7º ANO,C:\Users\User1\Downloads\OneDrive_1_02-06-2026 (1)\CIEP BRIZOLAO MUNICIPALIZADO 288 PROFESSOR RUY GONCALVES RAMOS\Consolidado Saex - 7º ANO.pdf,Língua Portuguesa,47,D023_P,Inferir informações em textos.
CIEP BRIZOLAO MUNICIPALIZADO 288 PROFESSOR RUY GONCALVES RAMOS,MENDES,RIO DE JANEIRO,7º ANO,C:\Users\User1\Downloads\OneDrive_1_02-06-2026 (1)\CIEP BRIZOLAO MUNICIPALIZADO 288 PROFESSOR RUY GONCALVES RAMOS\Consolidado Saex - 7º ANO.pdf,Língua Portuguesa,46,D016_P,Identificar a finalidade de textos de diferentes gêneros.
CIEP BRIZOLAO MUNICIPALIZADO 288 PROFESSOR RUY GONCALVES RAMOS,MENDES,RIO DE JANEIRO,7º ANO,C:\Users\User1\Downloads\OneDrive_1_02-06-2026 (1)\CIEP BRIZOLAO MUNICIPALIZADO 288 PROFESSOR RUY GONCALVES RAMOS\Consolidado Saex - 7º ANO.pdf,Língua Portuguesa,45,D037_P,"Reconhecer as relações entre partes de um texto, identificando os recursos coesivos que contribuem para a sua continuidade."
CIEP BRIZOLAO MUNICIPALIZADO 288 PROFESSOR RUY GONCALVES RAMOS,MENDES,RIO DE JANEIRO,7º ANO,C:\Users\User1\Downloads\OneDrive_1_02-06-2026 (1)\CIEP BRIZOLAO MUNICIPALIZADO 288 PROFESSOR RUY GONCALVES RAMOS\Consolidado Saex - 7º ANO.pdf,Língua Portuguesa,43,D043_P,Reconhecer recursos estilísticos utilizados na construção de textos.
CIEP BRIZOLAO MUNICIPALIZADO 288 PROFESSOR RUY GONCALVES RAMOS,MENDES,RIO DE JANEIRO,7º ANO,C:\Users\User1\Downloads\OneDrive_1_02-06-2026 (1)\CIEP BRIZOLAO MUNICIPALIZADO 288 PROFESSOR RUY GONCALVES RAMOS\Consolidado Saex - 7º ANO.pdf,Língua Portuguesa,38,D019_P,Reconhecer formas de tratar uma informação na comparação de textos que tratam do mesmo tema. (Matemática):
CIEP BRIZOLAO MUNICIPALIZADO 288 PROFESSOR RUY GONCALVES RAMOS,MENDES,RIO DE JANEIRO,7º ANO,C:\Users\User1\Downloads\OneDrive_1_02-06-2026 (1)\CIEP BRIZOLAO MUNICIPALIZADO 288 PROFESSOR RUY GONCALVES RAMOS\Consolidado Saex - 7º ANO.pdf,Matemática,24,D038_M,"Identificar uma sequência crescente ou decrescente, dentre uma coleção de sequências de números racionais."
CIEP BRIZOLAO MUNICIPALIZADO 288 PROFESSOR RUY GONCALVES RAMOS,MENDES,RIO DE JANEIRO,7º ANO,C:\Users\User1\Downloads\OneDrive_1_02-06-2026 (1)\CIEP BRIZOLAO MUNICIPALIZADO 288 PROFESSOR RUY GONCALVES RAMOS\Consolidado Saex - 7º ANO.pdf,Matemática,67,D006_M,Corresponder figuras tridimensionais às suas planificações.
CIEP BRIZOLAO MUNICIPALIZADO 288 PROFESSOR RUY GONCALVES RAMOS,MENDES,RIO DE JANEIRO,7º ANO,C:\Users\User1\Downloads\OneDrive_1_02-06-2026 (1)\CIEP BRIZOLAO MUNICIPALIZADO 288 PROFESSOR RUY GONCALVES RAMOS\Consolidado Saex - 7º ANO.pdf,Matemática,25,D050_M,Utilizar a média aritmética de uma distribuição de dados não agrupados na resolução de problema.
CIEP BRIZOLAO MUNICIPALIZADO 288 PROFESSOR RUY GONCALVES RAMOS,MENDES,RIO DE JANEIRO,7º ANO,C:\Users\User1\Downloads\OneDrive_1_02-06-2026 (1)\CIEP BRIZOLAO MUNICIPALIZADO 288 PROFESSOR RUY GONCALVES RAMOS\Consolidado Saex - 7º ANO.pdf,Matemática,25,D025_M,Identificar expressão algébrica que modela uma sequência numérica.
CIEP BRIZOLAO MUNICIPALIZADO 288 PROFESSOR RUY GONCALVES RAMOS,MENDES,RIO DE JANEIRO,7º ANO,C:\Users\User1\Downloads\OneDrive_1_02-06-2026 (1)\CIEP BRIZOLAO MUNICIPALIZADO 288 PROFESSOR RUY GONCALVES RAMOS\Consolidado Saex - 7º ANO.pdf,Matemática,33,D057_M,Utilizar equação polinomial de 1º grau na resolução de problema.
CIEP BRIZOLAO MUNICIPALIZADO 288 PROFESSOR RUY GONCALVES RAMOS,MENDES,RIO DE JANEIRO,7º ANO,C:\Users\User1\Downloads\OneDrive_1_02-06-2026 (1)\CIEP BRIZOLAO MUNICIPALIZADO 288 PROFESSOR RUY GONCALVES RAMOS\Consolidado Saex - 7º ANO.pdf,Matemática,32,D054_M,Utilizar as relações entre as medidas dos ângulos formados entre uma reta transversal e um feixe de retas paralelas para se obter a medida de um ângulo.
CIEP BRIZOLAO MUNICIPALIZADO 288 PROFESSOR RUY GONCALVES RAMOS,MENDES,RIO DE JANEIRO,7º ANO,C:\Users\User1\Downloads\OneDrive_1_02-06-2026 (1)\CIEP BRIZOLAO MUNICIPALIZADO 288 PROFESSOR RUY GONCALVES RAMOS\Consolidado Saex - 7º ANO.pdf,Matemática,28,D071_M,Utilizar o cálculo da medida do ângulo interno de um polígono regular na resolução de problemas.
CIEP BRIZOLAO MUNICIPALIZADO 288 PROFESSOR RUY GONCALVES RAMOS,MENDES,RIO DE JANEIRO,7º ANO,C:\Users\User1\Downloads\OneDrive_1_02-06-2026 (1)\CIEP BRIZOLAO MUNICIPALIZADO 288 PROFESSOR RUY GONCALVES RAMOS\Consolidado Saex - 7º ANO.pdf,Matemática,33,D035_M,Identificar uma expressão algébrica que representa uma situação problema descrita textualmente.
CIEP BRIZOLAO MUNICIPALIZADO 288 PROFESSOR RUY GONCALVES RAMOS,MENDES,RIO DE JANEIRO,7º ANO,C:\Users\User1\Downloads\OneDrive_1_02-06-2026 (1)\CIEP BRIZOLAO MUNICIPALIZADO 288 PROFESSOR RUY GONCALVES RAMOS\Consolidado Saex - 7º ANO.pdf,Matemática,39,D061_M,"Identificar os elementos constitutivos de um gráfico, como título, eixos, legendas, fontes e datas."
CIEP BRIZOLAO MUNICIPALIZADO 288 PROFESSOR RUY GONCALVES RAMOS,MENDES,RIO DE JANEIRO,7º ANO,C:\Users\User1\Downloads\OneDrive_1_02-06-2026 (1)\CIEP BRIZOLAO MUNICIPALIZADO 288 PROFESSOR RUY GONCALVES RAMOS\Consolidado Saex - 7º ANO.pdf,Matemática,39,D081_M,Utilizar porcentagem na resolução de problemas.
CIEP BRIZOLAO MUNICIPALIZADO 288 PROFESSOR RUY GONCALVES RAMOS,MENDES,RIO DE JANEIRO,7º ANO,C:\Users\User1\Downloads\OneDrive_1_02-06-2026 (1)\CIEP BRIZOLAO MUNICIPALIZADO 288 PROFESSOR RUY GONCALVES RAMOS\Consolidado Saex - 7º ANO.pdf,Matemática,38,D055_M,"Utilizar conversão entre unidades de medida, na resolução de problema."
CIEP BRIZOLAO MUNICIPALIZADO 288 PROFESSOR RUY GONCALVES RAMOS,MENDES,RIO DE JANEIRO,7º ANO,C:\Users\User1\Downloads\OneDrive_1_02-06-2026 (1)\CIEP BRIZOLAO MUNICIPALIZADO 288 PROFESSOR RUY GONCALVES RAMOS\Consolidado Saex - 7º ANO.pdf,Matemática,65,D042_M,Reconhecer características do sistema de numeração decimal.
CIEP BRIZOLAO MUNICIPALIZADO 288 PROFESSOR RUY GONCALVES RAMOS,MENDES,RIO DE JANEIRO,7º ANO,C:\Users\User1\Downloads\OneDrive_1_02-06-2026 (1)\CIEP BRIZOLAO MUNICIPALIZADO 288 PROFESSOR RUY GONCALVES RAMOS\Consolidado Saex - 7º ANO.pdf,Matemática,57,D059_M,Utilizar informações apresentadas em gráficos ou tabelas na resolução de problemas.
CIEP BRIZOLAO MUNICIPALIZADO 288 PROFESSOR RUY GONCALVES RAMOS,MENDES,RIO DE JANEIRO,7º ANO,C:\Users\User1\Downloads\OneDrive_1_02-06-2026 (1)\CIEP BRIZOLAO MUNICIPALIZADO 288 PROFESSOR RUY GONCALVES RAMOS\Consolidado Saex - 7º ANO.pdf,Matemática,53,D064_M,"Utilizar números inteiros, envolvendo diferentes significados das operações, na resolução de problemas."
CIEP BRIZOLAO MUNICIPALIZADO 288 PROFESSOR RUY GONCALVES RAMOS,MENDES,RIO DE JANEIRO,7º ANO,C:\Users\User1\Downloads\OneDrive_1_02-06-2026 (1)\CIEP BRIZOLAO MUNICIPALIZADO 288 PROFESSOR RUY GONCALVES RAMOS\Consolidado Saex - 7º ANO.pdf,Matemática,53,D102_M,"Resolver problema com números naturais, envolvendo diferentes significados das operações (adição, subtração, multiplicação, divisão, potenciação)."
CIEP BRIZOLAO MUNICIPALIZADO 288 PROFESSOR RUY GONCALVES RAMOS,MENDES,RIO DE JANEIRO,7º ANO,C:\Users\User1\Downloads\OneDrive_1_02-06-2026 (1)\CIEP BRIZOLAO MUNICIPALIZADO 288 PROFESSOR RUY GONCALVES RAMOS\Consolidado Saex - 7º ANO.pdf,Matemática,40,D082_M,Utilizar proporcionalidade entre duas grandezas na resolução de problema.
CIEP BRIZOLAO MUNICIPALIZADO 288 PROFESSOR RUY GONCALVES RAMOS,MENDES,RIO DE JANEIRO,7º ANO,C:\Users\User1\Downloads\OneDrive_1_02-06-2026 (1)\CIEP BRIZOLAO MUNICIPALIZADO 288 PROFESSOR RUY GONCALVES RAMOS\Consolidado Saex - 7º ANO.pdf,Matemática,38,D013_M,Corresponder pontos do plano a pares ordenados em um sistema de coordenadas cartesianas.
CIEP BRIZOLAO MUNICIPALIZADO 288 PROFESSOR RUY GONCALVES RAMOS,MENDES,RIO DE JANEIRO,7º ANO,C:\Users\User1\Downloads\OneDrive_1_02-06-2026 (1)\CIEP BRIZOLAO MUNICIPALIZADO 288 PROFESSOR RUY GONCALVES RAMOS\Consolidado Saex - 7º ANO.pdf,Matemática,35,D044_M,Reconhecer fração como representação associada a diferentes significados.
CIEP BRIZOLAO MUNICIPALIZADO 288 PROFESSOR RUY GONCALVES RAMOS,MENDES,RIO DE JANEIRO,7º ANO,C:\Users\User1\Downloads\OneDrive_1_02-06-2026 (1)\CIEP BRIZOLAO MUNICIPALIZADO 288 PROFESSOR RUY GONCALVES RAMOS\Consolidado Saex - 7º ANO.pdf,Matemática,14,D030_M,Identificar o maior e/ou o menor número racional dentre uma coleção de números racionais.
CIEP BRIZOLAO MUNICIPALIZADO 288 PROFESSOR RUY GONCALVES RAMOS,MENDES,RIO DE JANEIRO,7º ANO,C:\Users\User1\Downloads\OneDrive_1_02-06-2026 (1)\CIEP BRIZOLAO MUNICIPALIZADO 288 PROFESSOR RUY GONCALVES RAMOS\Consolidado Saex - 7º ANO.pdf,Matemática,11,D073_M,Utilizar o cálculo de volumes/capacidade de blocos retangulares na resolução de problema.
CIEP BRIZOLAO MUNICIPALIZADO 288 PROFESSOR RUY GONCALVES RAMOS,MENDES,RIO DE JANEIRO,7º ANO,C:\Users\User1\Downloads\OneDrive_1_02-06-2026 (1)\CIEP BRIZOLAO MUNICIPALIZADO 288 PROFESSOR RUY GONCALVES RAMOS\Consolidado Saex - 7º ANO.pdf,Matemática,23,D069_M,"Utilizar números racionais, envolvendo diferentes significados das operações, na resolução de problemas."
CIEP BRIZOLAO MUNICIPALIZADO 288 PROFESSOR RUY GONCALVES RAMOS,MENDES,RIO DE JANEIRO,7º ANO,C:\Users\User1\Downloads\OneDrive_1_02-06-2026 (1)\CIEP BRIZOLAO MUNICIPALIZADO 288 PROFESSOR RUY GONCALVES RAMOS\Consolidado Saex - 7º ANO.pdf,Matemática,22,D053_M,Utilizar a soma das medidas dos ângulos internos de um triângulo na resolução de problemas.
CIEP BRIZOLAO MUNICIPALIZADO 288 PROFESSOR RUY GONCALVES RAMOS,MENDES,RIO DE JANEIRO,7º ANO,C:\Users\User1\Downloads\OneDrive_1_02-06-2026 (1)\CIEP BRIZOLAO MUNICIPALIZADO 288 PROFESSOR RUY GONCALVES RAMOS\Consolidado Saex - 7º ANO.pdf,Matemática,21,D009_M,Corresponder números racionais a pontos da reta numérica.
CIEP BRIZOLAO MUNICIPALIZADO 288 PROFESSOR RUY GONCALVES RAMOS,MENDES,RIO DE JANEIRO,7º ANO,C:\Users\User1\Downloads\OneDrive_1_02-06-2026 (1)\CIEP BRIZOLAO MUNICIPALIZADO 288 PROFESSOR RUY GONCALVES RAMOS\Consolidado Saex - 7º ANO.pdf,Matemática,20,D049_M,Utilizar a área de uma figura bidimensional na resolução de problema.
CIEP BRIZOLAO MUNICIPALIZADO 288 PROFESSOR RUY GONCALVES RAMOS,MENDES,RIO DE JANEIRO,7º ANO,C:\Users\User1\Downloads\OneDrive_1_02-06-2026 (1)\CIEP BRIZOLAO MUNICIPALIZADO 288 PROFESSOR RUY GONCALVES RAMOS\Consolidado Saex - 7º ANO.pdf,Matemática,19,D047_M,"Reconhecer, no plano cartesiano, o simétrico de figuras em relação a um dos eixos ou à origem."
CIEP BRIZOLAO MUNICIPALIZADO 288 PROFESSOR RUY GONCALVES RAMOS,MENDES,RIO DE JANEIRO,8º ANO,C:\Users\User1\Downloads\OneDrive_1_02-06-2026 (1)\CIEP BRIZOLAO MUNICIPALIZADO 288 PROFESSOR RUY GONCALVES RAMOS\Consolidado Saex - 8º ANO.pdf,Matemática,22,D073_M,Utilizar o cálculo de volumes/capacidade de blocos retangulares na resolução de problema.
CIEP BRIZOLAO MUNICIPALIZADO 288 PROFESSOR RUY GONCALVES RAMOS,MENDES,RIO DE JANEIRO,8º ANO,C:\Users\User1\Downloads\OneDrive_1_02-06-2026 (1)\CIEP BRIZOLAO MUNICIPALIZADO 288 PROFESSOR RUY GONCALVES RAMOS\Consolidado Saex - 8º ANO.pdf,Matemática,22,D049_M,Utilizar a área de uma figura bidimensional na resolução de problema.
CIEP BRIZOLAO MUNICIPALIZADO 288 PROFESSOR RUY GONCALVES RAMOS,MENDES,RIO DE JANEIRO,8º ANO,C:\Users\User1\Downloads\OneDrive_1_02-06-2026 (1)\CIEP BRIZOLAO MUNICIPALIZADO 288 PROFESSOR RUY GONCALVES RAMOS\Consolidado Saex - 8º ANO.pdf,Matemática,22,D052_M,"Utilizar a relação entre um litro e um decímetro cúbico e a relação entre litro e metro cúbico, na resolução de problema."
CIEP BRIZOLAO MUNICIPALIZADO 288 PROFESSOR RUY GONCALVES RAMOS,MENDES,RIO DE JANEIRO,8º ANO,C:\Users\User1\Downloads\OneDrive_1_02-06-2026 (1)\CIEP BRIZOLAO MUNICIPALIZADO 288 PROFESSOR RUY GONCALVES RAMOS\Consolidado Saex - 8º ANO.pdf,Matemática,72,D042_M,Reconhecer características do sistema de numeração decimal.
CIEP BRIZOLAO MUNICIPALIZADO 288 PROFESSOR RUY GONCALVES RAMOS,MENDES,RIO DE JANEIRO,8º ANO,C:\Users\User1\Downloads\OneDrive_1_02-06-2026 (1)\CIEP BRIZOLAO MUNICIPALIZADO 288 PROFESSOR RUY GONCALVES RAMOS\Consolidado Saex - 8º ANO.pdf,Matemática,69,D006_M,Corresponder figuras tridimensionais às suas planificações.
CIEP BRIZOLAO MUNICIPALIZADO 288 PROFESSOR RUY GONCALVES RAMOS,MENDES,RIO DE JANEIRO,8º ANO,C:\Users\User1\Downloads\OneDrive_1_02-06-2026 (1)\CIEP BRIZOLAO MUNICIPALIZADO 288 PROFESSOR RUY GONCALVES RAMOS\Consolidado Saex - 8º ANO.pdf,Matemática,68,D082_M,Utilizar proporcionalidade entre duas grandezas na resolução de problema.
CIEP BRIZOLAO MUNICIPALIZADO 288 PROFESSOR RUY GONCALVES RAMOS,MENDES,RIO DE JANEIRO,8º ANO,C:\Users\User1\Downloads\OneDrive_1_02-06-2026 (1)\CIEP BRIZOLAO MUNICIPALIZADO 288 PROFESSOR RUY GONCALVES RAMOS\Consolidado Saex - 8º ANO.pdf,Matemática,64,D059_M,Utilizar informações apresentadas em gráficos ou tabelas na resolução de problemas.
CIEP BRIZOLAO MUNICIPALIZADO 288 PROFESSOR RUY GONCALVES RAMOS,MENDES,RIO DE JANEIRO,8º ANO,C:\Users\User1\Downloads\OneDrive_1_02-06-2026 (1)\CIEP BRIZOLAO MUNICIPALIZADO 288 PROFESSOR RUY GONCALVES RAMOS\Consolidado Saex - 8º ANO.pdf,Matemática,60,D001_M,"Associar a representação algébrica de uma equação linear de 1º grau, com duas incógnitas, à sua representação gráfica."
CIEP BRIZOLAO MUNICIPALIZADO 288 PROFESSOR RUY GONCALVES RAMOS,MENDES,RIO DE JANEIRO,8º ANO,C:\Users\User1\Downloads\OneDrive_1_02-06-2026 (1)\CIEP BRIZOLAO MUNICIPALIZADO 288 PROFESSOR RUY GONCALVES RAMOS\Consolidado Saex - 8º ANO.pdf,Matemática,46,D084_M,Utilizar sistema de equações polinomiais de 1º grau na resolução de problema.
CIEP BRIZOLAO MUNICIPALIZADO 288 PROFESSOR RUY GONCALVES RAMOS,MENDES,RIO DE JANEIRO,8º ANO,C:\Users\User1\Downloads\OneDrive_1_02-06-2026 (1)\CIEP BRIZOLAO MUNICIPALIZADO 288 PROFESSOR RUY GONCALVES RAMOS\Consolidado Saex - 8º ANO.pdf,Matemática,46,D102_M,"Resolver problema com números naturais, envolvendo diferentes significados das operações (adição, subtração, multiplicação, divisão, potenciação)."
CIEP BRIZOLAO MUNICIPALIZADO 288 PROFESSOR RUY GONCALVES RAMOS,MENDES,RIO DE JANEIRO,8º ANO,C:\Users\User1\Downloads\OneDrive_1_02-06-2026 (1)\CIEP BRIZOLAO MUNICIPALIZADO 288 PROFESSOR RUY GONCALVES RAMOS\Consolidado Saex - 8º ANO.pdf,Matemática,40,D013_M,Corresponder pontos do plano a pares ordenados em um sistema de coordenadas cartesianas.
CIEP BRIZOLAO MUNICIPALIZADO 288 PROFESSOR RUY GONCALVES RAMOS,MENDES,RIO DE JANEIRO,8º ANO,C:\Users\User1\Downloads\OneDrive_1_02-06-2026 (1)\CIEP BRIZOLAO MUNICIPALIZADO 288 PROFESSOR RUY GONCALVES RAMOS\Consolidado Saex - 8º ANO.pdf,Matemática,39,D014_M,Corresponder um sistema de equações polinomiais de 1º grau à uma situação problema descrita textualmente.
CIEP BRIZOLAO MUNICIPALIZADO 288 PROFESSOR RUY GONCALVES RAMOS,MENDES,RIO DE JANEIRO,8º ANO,C:\Users\User1\Downloads\OneDrive_1_02-06-2026 (1)\CIEP BRIZOLAO MUNICIPALIZADO 288 PROFESSOR RUY GONCALVES RAMOS\Consolidado Saex - 8º ANO.pdf,Matemática,38,D081_M,Utilizar porcentagem na resolução de problemas.
CIEP BRIZOLAO MUNICIPALIZADO 288 PROFESSOR RUY GONCALVES RAMOS,MENDES,RIO DE JANEIRO,8º ANO,C:\Users\User1\Downloads\OneDrive_1_02-06-2026 (1)\CIEP BRIZOLAO MUNICIPALIZADO 288 PROFESSOR RUY GONCALVES RAMOS\Consolidado Saex - 8º ANO.pdf,Matemática,37,D055_M,"Utilizar conversão entre unidades de medida, na resolução de problema."
CIEP BRIZOLAO MUNICIPALIZADO 288 PROFESSOR RUY GONCALVES RAMOS,MENDES,RIO DE JANEIRO,8º ANO,C:\Users\User1\Downloads\OneDrive_1_02-06-2026 (1)\CIEP BRIZOLAO MUNICIPALIZADO 288 PROFESSOR RUY GONCALVES RAMOS\Consolidado Saex - 8º ANO.pdf,Matemática,34,D040_M,"Identificar, no plano cartesiano, a solução de um sistema de equações do 1º grau com duas equações e duas incógnitas."
CIEP BRIZOLAO MUNICIPALIZADO 288 PROFESSOR RUY GONCALVES RAMOS,MENDES,RIO DE JANEIRO,8º ANO,C:\Users\User1\Downloads\OneDrive_1_02-06-2026 (1)\CIEP BRIZOLAO MUNICIPALIZADO 288 PROFESSOR RUY GONCALVES RAMOS\Consolidado Saex - 8º ANO.pdf,Matemática,34,D048_M,Utilizar probabilidade na resolução de problema.
CIEP BRIZOLAO MUNICIPALIZADO 288 PROFESSOR RUY GONCALVES RAMOS,MENDES,RIO DE JANEIRO,8º ANO,C:\Users\User1\Downloads\OneDrive_1_02-06-2026 (1)\CIEP BRIZOLAO MUNICIPALIZADO 288 PROFESSOR RUY GONCALVES RAMOS\Consolidado Saex - 8º ANO.pdf,Matemática,32,D077_M,Utilizar o princípio multiplicativo de contagem na resolução de problema.
CIEP BRIZOLAO MUNICIPALIZADO 288 PROFESSOR RUY GONCALVES RAMOS,MENDES,RIO DE JANEIRO,8º ANO,C:\Users\User1\Downloads\OneDrive_1_02-06-2026 (1)\CIEP BRIZOLAO MUNICIPALIZADO 288 PROFESSOR RUY GONCALVES RAMOS\Consolidado Saex - 8º ANO.pdf,Matemática,30,D075_M,Utilizar o cálculo do valor numérico de expressões algébricas na resolução de problemas.
CIEP BRIZOLAO MUNICIPALIZADO 288 PROFESSOR RUY GONCALVES RAMOS,MENDES,RIO DE JANEIRO,8º ANO,C:\Users\User1\Downloads\OneDrive_1_02-06-2026 (1)\CIEP BRIZOLAO MUNICIPALIZADO 288 PROFESSOR RUY GONCALVES RAMOS\Consolidado Saex - 8º ANO.pdf,Matemática,22,D063_M,Utilizar medidas de tendência central na resolução de problema. (Língua Portuguesa):
CIEP BRIZOLAO MUNICIPALIZADO 288 PROFESSOR RUY GONCALVES RAMOS,MENDES,RIO DE JANEIRO,8º ANO,C:\Users\User1\Downloads\OneDrive_1_02-06-2026 (1)\CIEP BRIZOLAO MUNICIPALIZADO 288 PROFESSOR RUY GONCALVES RAMOS\Consolidado Saex - 8º ANO.pdf,Língua Portuguesa,12,D053_P,Reconhecer o efeito de sentido decorrente da escolha de uma determinada palavra ou expressão.
CIEP BRIZOLAO MUNICIPALIZADO 288 PROFESSOR RUY GONCALVES RAMOS,MENDES,RIO DE JANEIRO,8º ANO,C:\Users\User1\Downloads\OneDrive_1_02-06-2026 (1)\CIEP BRIZOLAO MUNICIPALIZADO 288 PROFESSOR RUY GONCALVES RAMOS\Consolidado Saex - 8º ANO.pdf,Língua Portuguesa,61,D019_P,Reconhecer formas de tratar uma informação na comparação de textos que tratam do mesmo tema.
CIEP BRIZOLAO MUNICIPALIZADO 288 PROFESSOR RUY GONCALVES RAMOS,MENDES,RIO DE JANEIRO,8º ANO,C:\Users\User1\Downloads\OneDrive_1_02-06-2026 (1)\CIEP BRIZOLAO MUNICIPALIZADO 288 PROFESSOR RUY GONCALVES RAMOS\Consolidado Saex - 8º ANO.pdf,Língua Portuguesa,60,D024_P,Reconhecer efeito de humor ou de ironia em um texto.
CIEP BRIZOLAO MUNICIPALIZADO 288 PROFESSOR RUY GONCALVES RAMOS,MENDES,RIO DE JANEIRO,8º ANO,C:\Users\User1\Downloads\OneDrive_1_02-06-2026 (1)\CIEP BRIZOLAO MUNICIPALIZADO 288 PROFESSOR RUY GONCALVES RAMOS\Consolidado Saex - 8º ANO.pdf,Língua Portuguesa,58,D054_P,Reconhecer o efeito de sentido decorrente da exploração de recursos morfossintáticos.
CIEP BRIZOLAO MUNICIPALIZADO 288 PROFESSOR RUY GONCALVES RAMOS,MENDES,RIO DE JANEIRO,8º ANO,C:\Users\User1\Downloads\OneDrive_1_02-06-2026 (1)\CIEP BRIZOLAO MUNICIPALIZADO 288 PROFESSOR RUY GONCALVES RAMOS\Consolidado Saex - 8º ANO.pdf,Língua Portuguesa,49,D038_P,Distinguir um fato da opinião.
CIEP BRIZOLAO MUNICIPALIZADO 288 PROFESSOR RUY GONCALVES RAMOS,MENDES,RIO DE JANEIRO,8º ANO,C:\Users\User1\Downloads\OneDrive_1_02-06-2026 (1)\CIEP BRIZOLAO MUNICIPALIZADO 288 PROFESSOR RUY GONCALVES RAMOS\Consolidado Saex - 8º ANO.pdf,Língua Portuguesa,35,D039_P,Reconhecer o sentido das relações lógico-discursivas em um texto.
CIEP BRIZOLAO MUNICIPALIZADO 288 PROFESSOR RUY GONCALVES RAMOS,MENDES,RIO DE JANEIRO,8º ANO,C:\Users\User1\Downloads\OneDrive_1_02-06-2026 (1)\CIEP BRIZOLAO MUNICIPALIZADO 288 PROFESSOR RUY GONCALVES RAMOS\Consolidado Saex - 8º ANO.pdf,Língua Portuguesa,61,D043_P,Reconhecer recursos estilísticos utilizados na construção de textos.
CIEP BRIZOLAO MUNICIPALIZADO 288 PROFESSOR RUY GONCALVES RAMOS,MENDES,RIO DE JANEIRO,8º ANO,C:\Users\User1\Downloads\OneDrive_1_02-06-2026 (1)\CIEP BRIZOLAO MUNICIPALIZADO 288 PROFESSOR RUY GONCALVES RAMOS\Consolidado Saex - 8º ANO.pdf,Língua Portuguesa,18,D057_M,Utilizar equação polinomial de 1º grau na resolução de problema.
CIEP BRIZOLAO MUNICIPALIZADO 288 PROFESSOR RUY GONCALVES RAMOS,MENDES,RIO DE JANEIRO,8º ANO,C:\Users\User1\Downloads\OneDrive_1_02-06-2026 (1)\CIEP BRIZOLAO MUNICIPALIZADO 288 PROFESSOR RUY GONCALVES RAMOS\Consolidado Saex - 8º ANO.pdf,Língua Portuguesa,16,D020_M,"Executar cálculos entre números representados em forma de potência, com expoentes inteiros, expressando o resultado em notação científica."
CIEP BRIZOLAO MUNICIPALIZADO 288 PROFESSOR RUY GONCALVES RAMOS,MENDES,RIO DE JANEIRO,8º ANO,C:\Users\User1\Downloads\OneDrive_1_02-06-2026 (1)\CIEP BRIZOLAO MUNICIPALIZADO 288 PROFESSOR RUY GONCALVES RAMOS\Consolidado Saex - 8º ANO.pdf,Língua Portuguesa,16,D043_M,"Reconhecer figuras obtidas por composições de transformações geométricas (translação, reflexão e rotação)."
CIEP BRIZOLAO MUNICIPALIZADO 288 PROFESSOR RUY GONCALVES RAMOS,MENDES,RIO DE JANEIRO,8º ANO,C:\Users\User1\Downloads\OneDrive_1_02-06-2026 (1)\CIEP BRIZOLAO MUNICIPALIZADO 288 PROFESSOR RUY GONCALVES RAMOS\Consolidado Saex - 8º ANO.pdf,Língua Portuguesa,65,D023_P,Inferir informações em textos.
CIEP BRIZOLAO MUNICIPALIZADO 288 PROFESSOR RUY GONCALVES RAMOS,MENDES,RIO DE JANEIRO,8º ANO,C:\Users\User1\Downloads\OneDrive_1_02-06-2026 (1)\CIEP BRIZOLAO MUNICIPALIZADO 288 PROFESSOR RUY GONCALVES RAMOS\Consolidado Saex - 8º ANO.pdf,Língua Portuguesa,63,D028_P,Reconhecer o assunto de um texto lido.
CIEP BRIZOLAO MUNICIPALIZADO 288 PROFESSOR RUY GONCALVES RAMOS,MENDES,RIO DE JANEIRO,8º ANO,C:\Users\User1\Downloads\OneDrive_1_02-06-2026 (1)\CIEP BRIZOLAO MUNICIPALIZADO 288 PROFESSOR RUY GONCALVES RAMOS\Consolidado Saex - 8º ANO.pdf,Língua Portuguesa,71,D044_P,Identificar marcas linguísticas em um texto.
CIEP BRIZOLAO MUNICIPALIZADO 288 PROFESSOR RUY GONCALVES RAMOS,MENDES,RIO DE JANEIRO,8º ANO,C:\Users\User1\Downloads\OneDrive_1_02-06-2026 (1)\CIEP BRIZOLAO MUNICIPALIZADO 288 PROFESSOR RUY GONCALVES RAMOS\Consolidado Saex - 8º ANO.pdf,Língua Portuguesa,68,D022_P,Inferir o sentido de palavra ou expressão a partir do contexto.
CIEP BRIZOLAO MUNICIPALIZADO 288 PROFESSOR RUY GONCALVES RAMOS,MENDES,RIO DE JANEIRO,8º ANO,C:\Users\User1\Downloads\OneDrive_1_02-06-2026 (1)\CIEP BRIZOLAO MUNICIPALIZADO 288 PROFESSOR RUY GONCALVES RAMOS\Consolidado Saex - 8º ANO.pdf,Língua Portuguesa,66,D016_P,Identificar a finalidade de textos de diferentes gêneros.
CIEP BRIZOLAO MUNICIPALIZADO 288 PROFESSOR RUY GONCALVES RAMOS,MENDES,RIO DE JANEIRO,8º ANO,C:\Users\User1\Downloads\OneDrive_1_02-06-2026 (1)\CIEP BRIZOLAO MUNICIPALIZADO 288 PROFESSOR RUY GONCALVES RAMOS\Consolidado Saex - 8º ANO.pdf,Língua Portuguesa,74,D017_P,Reconhecer o gênero de um texto.
CIEP BRIZOLAO MUNICIPALIZADO 288 PROFESSOR RUY GONCALVES RAMOS,MENDES,RIO DE JANEIRO,8º ANO,C:\Users\User1\Downloads\OneDrive_1_02-06-2026 (1)\CIEP BRIZOLAO MUNICIPALIZADO 288 PROFESSOR RUY GONCALVES RAMOS\Consolidado Saex - 8º ANO.pdf,Língua Portuguesa,76,D037_P,"Reconhecer as relações entre partes de um texto, identificando os recursos coesivos que contribuem para a sua continuidade."
CIEP BRIZOLAO MUNICIPALIZADO 288 PROFESSOR RUY GONCALVES RAMOS,MENDES,RIO DE JANEIRO,8º ANO,C:\Users\User1\Downloads\OneDrive_1_02-06-2026 (1)\CIEP BRIZOLAO MUNICIPALIZADO 288 PROFESSOR RUY GONCALVES RAMOS\Consolidado Saex - 8º ANO.pdf,Língua Portuguesa,75,D025_P,Reconhecer efeitos de sentido decorrentes do uso ou função da pontuação e de outras notações.
CIEP BRIZOLAO MUNICIPALIZADO 288 PROFESSOR RUY GONCALVES RAMOS,MENDES,RIO DE JANEIRO,9º ANO,C:\Users\User1\Downloads\OneDrive_1_02-06-2026 (1)\CIEP BRIZOLAO MUNICIPALIZADO 288 PROFESSOR RUY GONCALVES RAMOS\Consolidado Saex - 9º ANO.pdf,Língua Portuguesa,48,D044_P,Identificar marcas linguísticas em um texto.
CIEP BRIZOLAO MUNICIPALIZADO 288 PROFESSOR RUY GONCALVES RAMOS,MENDES,RIO DE JANEIRO,9º ANO,C:\Users\User1\Downloads\OneDrive_1_02-06-2026 (1)\CIEP BRIZOLAO MUNICIPALIZADO 288 PROFESSOR RUY GONCALVES RAMOS\Consolidado Saex - 9º ANO.pdf,Língua Portuguesa,46,D023_P,Inferir informações em textos.
CIEP BRIZOLAO MUNICIPALIZADO 288 PROFESSOR RUY GONCALVES RAMOS,MENDES,RIO DE JANEIRO,9º ANO,C:\Users\User1\Downloads\OneDrive_1_02-06-2026 (1)\CIEP BRIZOLAO MUNICIPALIZADO 288 PROFESSOR RUY GONCALVES RAMOS\Consolidado Saex - 9º ANO.pdf,Língua Portuguesa,46,D024_P,Reconhecer efeito de humor ou de ironia em um texto.
CIEP BRIZOLAO MUNICIPALIZADO 288 PROFESSOR RUY GONCALVES RAMOS,MENDES,RIO DE JANEIRO,9º ANO,C:\Users\User1\Downloads\OneDrive_1_02-06-2026 (1)\CIEP BRIZOLAO MUNICIPALIZADO 288 PROFESSOR RUY GONCALVES RAMOS\Consolidado Saex - 9º ANO.pdf,Língua Portuguesa,46,D038_P,Distinguir um fato da opinião.
CIEP BRIZOLAO MUNICIPALIZADO 288 PROFESSOR RUY GONCALVES RAMOS,MENDES,RIO DE JANEIRO,9º ANO,C:\Users\User1\Downloads\OneDrive_1_02-06-2026 (1)\CIEP BRIZOLAO MUNICIPALIZADO 288 PROFESSOR RUY GONCALVES RAMOS\Consolidado Saex - 9º ANO.pdf,Língua Portuguesa,46,D017_P,Reconhecer o gênero de um texto.
CIEP BRIZOLAO MUNICIPALIZADO 288 PROFESSOR RUY GONCALVES RAMOS,MENDES,RIO DE JANEIRO,9º ANO,C:\Users\User1\Downloads\OneDrive_1_02-06-2026 (1)\CIEP BRIZOLAO MUNICIPALIZADO 288 PROFESSOR RUY GONCALVES RAMOS\Consolidado Saex - 9º ANO.pdf,Língua Portuguesa,44,D016_P,Identificar a finalidade de textos de diferentes gêneros.
CIEP BRIZOLAO MUNICIPALIZADO 288 PROFESSOR RUY GONCALVES RAMOS,MENDES,RIO DE JANEIRO,9º ANO,C:\Users\User1\Downloads\OneDrive_1_02-06-2026 (1)\CIEP BRIZOLAO MUNICIPALIZADO 288 PROFESSOR RUY GONCALVES RAMOS\Consolidado Saex - 9º ANO.pdf,Língua Portuguesa,41,D054_P,Reconhecer o efeito de sentido decorrente da exploração de recursos morfossintáticos.
CIEP BRIZOLAO MUNICIPALIZADO 288 PROFESSOR RUY GONCALVES RAMOS,MENDES,RIO DE JANEIRO,9º ANO,C:\Users\User1\Downloads\OneDrive_1_02-06-2026 (1)\CIEP BRIZOLAO MUNICIPALIZADO 288 PROFESSOR RUY GONCALVES RAMOS\Consolidado Saex - 9º ANO.pdf,Língua Portuguesa,40,D028_P,Reconhecer o assunto de um texto lido.
CIEP BRIZOLAO MUNICIPALIZADO 288 PROFESSOR RUY GONCALVES RAMOS,MENDES,RIO DE JANEIRO,9º ANO,C:\Users\User1\Downloads\OneDrive_1_02-06-2026 (1)\CIEP BRIZOLAO MUNICIPALIZADO 288 PROFESSOR RUY GONCALVES RAMOS\Consolidado Saex - 9º ANO.pdf,Língua Portuguesa,39,D019_P,Reconhecer formas de tratar uma informação na comparação de textos que tratam do mesmo tema.
CIEP BRIZOLAO MUNICIPALIZADO 288 PROFESSOR RUY GONCALVES RAMOS,MENDES,RIO DE JANEIRO,9º ANO,C:\Users\User1\Downloads\OneDrive_1_02-06-2026 (1)\CIEP BRIZOLAO MUNICIPALIZADO 288 PROFESSOR RUY GONCALVES RAMOS\Consolidado Saex - 9º ANO.pdf,Língua Portuguesa,35,D022_P,Inferir o sentido de palavra ou expressão a partir do contexto.
CIEP BRIZOLAO MUNICIPALIZADO 288 PROFESSOR RUY GONCALVES RAMOS,MENDES,RIO DE JANEIRO,9º ANO,C:\Users\User1\Downloads\OneDrive_1_02-06-2026 (1)\CIEP BRIZOLAO MUNICIPALIZADO 288 PROFESSOR RUY GONCALVES RAMOS\Consolidado Saex - 9º ANO.pdf,Língua Portuguesa,32,D037_P,"Reconhecer as relações entre partes de um texto, identificando os recursos coesivos que contribuem para a sua continuidade."
CIEP BRIZOLAO MUNICIPALIZADO 288 PROFESSOR RUY GONCALVES RAMOS,MENDES,RIO DE JANEIRO,9º ANO,C:\Users\User1\Downloads\OneDrive_1_02-06-2026 (1)\CIEP BRIZOLAO MUNICIPALIZADO 288 PROFESSOR RUY GONCALVES RAMOS\Consolidado Saex - 9º ANO.pdf,Língua Portuguesa,32,D043_P,Reconhecer recursos estilísticos utilizados na construção de textos.
CIEP BRIZOLAO MUNICIPALIZADO 288 PROFESSOR RUY GONCALVES RAMOS,MENDES,RIO DE JANEIRO,9º ANO,C:\Users\User1\Downloads\OneDrive_1_02-06-2026 (1)\CIEP BRIZOLAO MUNICIPALIZADO 288 PROFESSOR RUY GONCALVES RAMOS\Consolidado Saex - 9º ANO.pdf,Língua Portuguesa,30,D039_P,Reconhecer o sentido das relações lógico-discursivas em um texto. (Matemática):
CIEP BRIZOLAO MUNICIPALIZADO 288 PROFESSOR RUY GONCALVES RAMOS,MENDES,RIO DE JANEIRO,9º ANO,C:\Users\User1\Downloads\OneDrive_1_02-06-2026 (1)\CIEP BRIZOLAO MUNICIPALIZADO 288 PROFESSOR RUY GONCALVES RAMOS\Consolidado Saex - 9º ANO.pdf,Matemática,20,D083_M,Utilizar relações métricas de um triângulo retângulo na resolução de problema.
CIEP BRIZOLAO MUNICIPALIZADO 288 PROFESSOR RUY GONCALVES RAMOS,MENDES,RIO DE JANEIRO,9º ANO,C:\Users\User1\Downloads\OneDrive_1_02-06-2026 (1)\CIEP BRIZOLAO MUNICIPALIZADO 288 PROFESSOR RUY GONCALVES RAMOS\Consolidado Saex - 9º ANO.pdf,Matemática,20,D036_M,Identificar uma relação entre conjuntos que representa uma função.
CIEP BRIZOLAO MUNICIPALIZADO 288 PROFESSOR RUY GONCALVES RAMOS,MENDES,RIO DE JANEIRO,9º ANO,C:\Users\User1\Downloads\OneDrive_1_02-06-2026 (1)\CIEP BRIZOLAO MUNICIPALIZADO 288 PROFESSOR RUY GONCALVES RAMOS\Consolidado Saex - 9º ANO.pdf,Matemática,20,D074_M,Utilizar o cálculo de volumes/capacidade de prismas retos e de cilindros na resolução de problema.
CIEP BRIZOLAO MUNICIPALIZADO 288 PROFESSOR RUY GONCALVES RAMOS,MENDES,RIO DE JANEIRO,9º ANO,C:\Users\User1\Downloads\OneDrive_1_02-06-2026 (1)\CIEP BRIZOLAO MUNICIPALIZADO 288 PROFESSOR RUY GONCALVES RAMOS\Consolidado Saex - 9º ANO.pdf,Matemática,65,D034_M,Identificar triângulos semelhantes.
CIEP BRIZOLAO MUNICIPALIZADO 288 PROFESSOR RUY GONCALVES RAMOS,MENDES,RIO DE JANEIRO,9º ANO,C:\Users\User1\Downloads\OneDrive_1_02-06-2026 (1)\CIEP BRIZOLAO MUNICIPALIZADO 288 PROFESSOR RUY GONCALVES RAMOS\Consolidado Saex - 9º ANO.pdf,Matemática,23,D079_M,Utilizar o Teorema de Tales na resolução de problema.
CIEP BRIZOLAO MUNICIPALIZADO 288 PROFESSOR RUY GONCALVES RAMOS,MENDES,RIO DE JANEIRO,9º ANO,C:\Users\User1\Downloads\OneDrive_1_02-06-2026 (1)\CIEP BRIZOLAO MUNICIPALIZADO 288 PROFESSOR RUY GONCALVES RAMOS\Consolidado Saex - 9º ANO.pdf,Matemática,20,D039_M,"Identificar, dentre gráficos diversos, o gráfico que representa uma relação de dependência unívoca entre duas variáveis."
CIEP BRIZOLAO MUNICIPALIZADO 288 PROFESSOR RUY GONCALVES RAMOS,MENDES,RIO DE JANEIRO,9º ANO,C:\Users\User1\Downloads\OneDrive_1_02-06-2026 (1)\CIEP BRIZOLAO MUNICIPALIZADO 288 PROFESSOR RUY GONCALVES RAMOS\Consolidado Saex - 9º ANO.pdf,Matemática,30,D025_M,Identificar expressão algébrica que modela uma sequência numérica.
CIEP BRIZOLAO MUNICIPALIZADO 288 PROFESSOR RUY GONCALVES RAMOS,MENDES,RIO DE JANEIRO,9º ANO,C:\Users\User1\Downloads\OneDrive_1_02-06-2026 (1)\CIEP BRIZOLAO MUNICIPALIZADO 288 PROFESSOR RUY GONCALVES RAMOS\Consolidado Saex - 9º ANO.pdf,Matemática,30,D078_M,Utilizar o Teorema de Pitágoras na resolução de problema.
CIEP BRIZOLAO MUNICIPALIZADO 288 PROFESSOR RUY GONCALVES RAMOS,MENDES,RIO DE JANEIRO,9º ANO,C:\Users\User1\Downloads\OneDrive_1_02-06-2026 (1)\CIEP BRIZOLAO MUNICIPALIZADO 288 PROFESSOR RUY GONCALVES RAMOS\Consolidado Saex - 9º ANO.pdf,Matemática,24,D019_M,Executar cálculos com números reais.
CIEP BRIZOLAO MUNICIPALIZADO 288 PROFESSOR RUY GONCALVES RAMOS,MENDES,RIO DE JANEIRO,9º ANO,C:\Users\User1\Downloads\OneDrive_1_02-06-2026 (1)\CIEP BRIZOLAO MUNICIPALIZADO 288 PROFESSOR RUY GONCALVES RAMOS\Consolidado Saex - 9º ANO.pdf,Matemática,31,D018_M,Executar cálculos com números inteiros.
CIEP BRIZOLAO MUNICIPALIZADO 288 PROFESSOR RUY GONCALVES RAMOS,MENDES,RIO DE JANEIRO,9º ANO,C:\Users\User1\Downloads\OneDrive_1_02-06-2026 (1)\CIEP BRIZOLAO MUNICIPALIZADO 288 PROFESSOR RUY GONCALVES RAMOS\Consolidado Saex - 9º ANO.pdf,Matemática,45,D054_M,Utilizar as relações entre as medidas dos ângulos formados entre uma reta transversal e um feixe de retas paralelas para se obter a medida de um ângulo.
CIEP BRIZOLAO MUNICIPALIZADO 288 PROFESSOR RUY GONCALVES RAMOS,MENDES,RIO DE JANEIRO,9º ANO,C:\Users\User1\Downloads\OneDrive_1_02-06-2026 (1)\CIEP BRIZOLAO MUNICIPALIZADO 288 PROFESSOR RUY GONCALVES RAMOS\Consolidado Saex - 9º ANO.pdf,Matemática,41,D069_M,"Utilizar números racionais, envolvendo diferentes significados das operações, na resolução de problemas."
CIEP BRIZOLAO MUNICIPALIZADO 288 PROFESSOR RUY GONCALVES RAMOS,MENDES,RIO DE JANEIRO,9º ANO,C:\Users\User1\Downloads\OneDrive_1_02-06-2026 (1)\CIEP BRIZOLAO MUNICIPALIZADO 288 PROFESSOR RUY GONCALVES RAMOS\Consolidado Saex - 9º ANO.pdf,Matemática,40,D073_M,Utilizar o cálculo de volumes/capacidade de blocos retangulares na resolução de problema.
CIEP BRIZOLAO MUNICIPALIZADO 288 PROFESSOR RUY GONCALVES RAMOS,MENDES,RIO DE JANEIRO,9º ANO,C:\Users\User1\Downloads\OneDrive_1_02-06-2026 (1)\CIEP BRIZOLAO MUNICIPALIZADO 288 PROFESSOR RUY GONCALVES RAMOS\Consolidado Saex - 9º ANO.pdf,Matemática,53,D082_M,Utilizar proporcionalidade entre duas grandezas na resolução de problema.
CIEP BRIZOLAO MUNICIPALIZADO 288 PROFESSOR RUY GONCALVES RAMOS,MENDES,RIO DE JANEIRO,9º ANO,C:\Users\User1\Downloads\OneDrive_1_02-06-2026 (1)\CIEP BRIZOLAO MUNICIPALIZADO 288 PROFESSOR RUY GONCALVES RAMOS\Consolidado Saex - 9º ANO.pdf,Matemática,53,D084_M,Utilizar sistema de equações polinomiais de 1º grau na resolução de problema.
CIEP BRIZOLAO MUNICIPALIZADO 288 PROFESSOR RUY GONCALVES RAMOS,MENDES,RIO DE JANEIRO,9º ANO,C:\Users\User1\Downloads\OneDrive_1_02-06-2026 (1)\CIEP BRIZOLAO MUNICIPALIZADO 288 PROFESSOR RUY GONCALVES RAMOS\Consolidado Saex - 9º ANO.pdf,Matemática,49,D060_M,Classificar quadriláteros por meio de suas propriedades.
CIEP BRIZOLAO MUNICIPALIZADO 288 PROFESSOR RUY GONCALVES RAMOS,MENDES,RIO DE JANEIRO,9º ANO,C:\Users\User1\Downloads\OneDrive_1_02-06-2026 (1)\CIEP BRIZOLAO MUNICIPALIZADO 288 PROFESSOR RUY GONCALVES RAMOS\Consolidado Saex - 9º ANO.pdf,Matemática,49,D057_M,Utilizar equação polinomial de 1º grau na resolução de problema.
CIEP BRIZOLAO MUNICIPALIZADO 288 PROFESSOR RUY GONCALVES RAMOS,MENDES,RIO DE JANEIRO,9º ANO,C:\Users\User1\Downloads\OneDrive_1_02-06-2026 (1)\CIEP BRIZOLAO MUNICIPALIZADO 288 PROFESSOR RUY GONCALVES RAMOS\Consolidado Saex - 9º ANO.pdf,Matemática,48,D046_M,Reconhecer vistas ortogonais de figuras espaciais.
CIEP BRIZOLAO MUNICIPALIZADO 288 PROFESSOR RUY GONCALVES RAMOS,MENDES,RIO DE JANEIRO,9º ANO,C:\Users\User1\Downloads\OneDrive_1_02-06-2026 (1)\CIEP BRIZOLAO MUNICIPALIZADO 288 PROFESSOR RUY GONCALVES RAMOS\Consolidado Saex - 9º ANO.pdf,Matemática,38,D048_M,Utilizar probabilidade na resolução de problema.
CIEP BRIZOLAO MUNICIPALIZADO 288 PROFESSOR RUY GONCALVES RAMOS,MENDES,RIO DE JANEIRO,9º ANO,C:\Users\User1\Downloads\OneDrive_1_02-06-2026 (1)\CIEP BRIZOLAO MUNICIPALIZADO 288 PROFESSOR RUY GONCALVES RAMOS\Consolidado Saex - 9º ANO.pdf,Matemática,33,D051_M,Utilizar a razão entre duas grandezas de espécies diferentes na resolução de problema.
CIEP BRIZOLAO MUNICIPALIZADO 288 PROFESSOR RUY GONCALVES RAMOS,MENDES,RIO DE JANEIRO,9º ANO,C:\Users\User1\Downloads\OneDrive_1_02-06-2026 (1)\CIEP BRIZOLAO MUNICIPALIZADO 288 PROFESSOR RUY GONCALVES RAMOS\Consolidado Saex - 9º ANO.pdf,Matemática,19,D081_M,Utilizar porcentagem na resolução de problemas.
CIEP BRIZOLAO MUNICIPALIZADO 288 PROFESSOR RUY GONCALVES RAMOS,MENDES,RIO DE JANEIRO,9º ANO,C:\Users\User1\Downloads\OneDrive_1_02-06-2026 (1)\CIEP BRIZOLAO MUNICIPALIZADO 288 PROFESSOR RUY GONCALVES RAMOS\Consolidado Saex - 9º ANO.pdf,Matemática,18,D058_M,Utilizar equação polinomial de 2º grau na resolução de problema.
CIEP BRIZOLAO MUNICIPALIZADO 288 PROFESSOR RUY GONCALVES RAMOS,MENDES,RIO DE JANEIRO,9º ANO,C:\Users\User1\Downloads\OneDrive_1_02-06-2026 (1)\CIEP BRIZOLAO MUNICIPALIZADO 288 PROFESSOR RUY GONCALVES RAMOS\Consolidado Saex - 9º ANO.pdf,Matemática,15,D021_M,"Fatorar e/ou simplificar expressões algébricas, com base nos produtos notáveis."
ESCOLA MUNICIPAL ANESIO FROTA AGUIAR,MENDES,RIO DE JANEIRO,2º ANO,C:\Users\User1\Downloads\OneDrive_1_02-06-2026 (1)\ESCOLA MUNICIPAL ANESIO FROTA AGUIAR\Consolidado Saex - 2º ANO.pdf,Língua Portuguesa,100,D002_P,Reconhecer as letras do alfabeto.
ESCOLA MUNICIPAL ANESIO FROTA AGUIAR,MENDES,RIO DE JANEIRO,2º ANO,C:\Users\User1\Downloads\OneDrive_1_02-06-2026 (1)\ESCOLA MUNICIPAL ANESIO FROTA AGUIAR\Consolidado Saex - 2º ANO.pdf,Língua Portuguesa,93,D017_P,Reconhecer o gênero de um texto.
ESCOLA MUNICIPAL ANESIO FROTA AGUIAR,MENDES,RIO DE JANEIRO,2º ANO,C:\Users\User1\Downloads\OneDrive_1_02-06-2026 (1)\ESCOLA MUNICIPAL ANESIO FROTA AGUIAR\Consolidado Saex - 2º ANO.pdf,Língua Portuguesa,86,D009_P,Ler palavras formadas por sílabas canônicas.
ESCOLA MUNICIPAL ANESIO FROTA AGUIAR,MENDES,RIO DE JANEIRO,2º ANO,C:\Users\User1\Downloads\OneDrive_1_02-06-2026 (1)\ESCOLA MUNICIPAL ANESIO FROTA AGUIAR\Consolidado Saex - 2º ANO.pdf,Língua Portuguesa,86,D010_P,Ler palavras formadas por sílabas não canônicas.
ESCOLA MUNICIPAL ANESIO FROTA AGUIAR,MENDES,RIO DE JANEIRO,2º ANO,C:\Users\User1\Downloads\OneDrive_1_02-06-2026 (1)\ESCOLA MUNICIPAL ANESIO FROTA AGUIAR\Consolidado Saex - 2º ANO.pdf,Língua Portuguesa,86,D016_P,Identificar a finalidade de textos de diferentes gêneros.
ESCOLA MUNICIPAL ANESIO FROTA AGUIAR,MENDES,RIO DE JANEIRO,2º ANO,C:\Users\User1\Downloads\OneDrive_1_02-06-2026 (1)\ESCOLA MUNICIPAL ANESIO FROTA AGUIAR\Consolidado Saex - 2º ANO.pdf,Língua Portuguesa,86,D007_P,Identificar o número de sílabas de uma palavra.
ESCOLA MUNICIPAL ANESIO FROTA AGUIAR,MENDES,RIO DE JANEIRO,2º ANO,C:\Users\User1\Downloads\OneDrive_1_02-06-2026 (1)\ESCOLA MUNICIPAL ANESIO FROTA AGUIAR\Consolidado Saex - 2º ANO.pdf,Língua Portuguesa,86,D023_P,Inferir informações em textos.
ESCOLA MUNICIPAL ANESIO FROTA AGUIAR,MENDES,RIO DE JANEIRO,2º ANO,C:\Users\User1\Downloads\OneDrive_1_02-06-2026 (1)\ESCOLA MUNICIPAL ANESIO FROTA AGUIAR\Consolidado Saex - 2º ANO.pdf,Língua Portuguesa,84,D003_P,Reconhecer as diferentes formas de grafar uma mesma letra ou palavra.
ESCOLA MUNICIPAL ANESIO FROTA AGUIAR,MENDES,RIO DE JANEIRO,2º ANO,C:\Users\User1\Downloads\OneDrive_1_02-06-2026 (1)\ESCOLA MUNICIPAL ANESIO FROTA AGUIAR\Consolidado Saex - 2º ANO.pdf,Língua Portuguesa,75,D006_P,Identificar rimas.
ESCOLA MUNICIPAL ANESIO FROTA AGUIAR,MENDES,RIO DE JANEIRO,2º ANO,C:\Users\User1\Downloads\OneDrive_1_02-06-2026 (1)\ESCOLA MUNICIPAL ANESIO FROTA AGUIAR\Consolidado Saex - 2º ANO.pdf,Língua Portuguesa,73,D008_P,Identificar sílabas de uma palavra.
ESCOLA MUNICIPAL ANESIO FROTA AGUIAR,MENDES,RIO DE JANEIRO,2º ANO,C:\Users\User1\Downloads\OneDrive_1_02-06-2026 (1)\ESCOLA MUNICIPAL ANESIO FROTA AGUIAR\Consolidado Saex - 2º ANO.pdf,Língua Portuguesa,59,D013_P,Reconhecer o local de inserção de determinada palavra numa sequência em ordem alfabética.
ESCOLA MUNICIPAL ANESIO FROTA AGUIAR,MENDES,RIO DE JANEIRO,2º ANO,C:\Users\User1\Downloads\OneDrive_1_02-06-2026 (1)\ESCOLA MUNICIPAL ANESIO FROTA AGUIAR\Consolidado Saex - 2º ANO.pdf,Língua Portuguesa,55,D014_P,Identificar variações de sons de grafemas.
ESCOLA MUNICIPAL ANESIO FROTA AGUIAR,MENDES,RIO DE JANEIRO,2º ANO,C:\Users\User1\Downloads\OneDrive_1_02-06-2026 (1)\ESCOLA MUNICIPAL ANESIO FROTA AGUIAR\Consolidado Saex - 2º ANO.pdf,Língua Portuguesa,50,D005_P,Identificar a unidade palavra em frases. (Matemática):
ESCOLA MUNICIPAL ANESIO FROTA AGUIAR,MENDES,RIO DE JANEIRO,2º ANO,C:\Users\User1\Downloads\OneDrive_1_02-06-2026 (1)\ESCOLA MUNICIPAL ANESIO FROTA AGUIAR\Consolidado Saex - 2º ANO.pdf,Matemática,98,D033_M,Identificar representações de figuras tridimensionais.
ESCOLA MUNICIPAL ANESIO FROTA AGUIAR,MENDES,RIO DE JANEIRO,2º ANO,C:\Users\User1\Downloads\OneDrive_1_02-06-2026 (1)\ESCOLA MUNICIPAL ANESIO FROTA AGUIAR\Consolidado Saex - 2º ANO.pdf,Matemática,55,D022_M,Identificar a localização ou a movimentação de pessoas ou objetos em uma representação plana do espaço.
ESCOLA MUNICIPAL ANESIO FROTA AGUIAR,MENDES,RIO DE JANEIRO,2º ANO,C:\Users\User1\Downloads\OneDrive_1_02-06-2026 (1)\ESCOLA MUNICIPAL ANESIO FROTA AGUIAR\Consolidado Saex - 2º ANO.pdf,Matemática,82,D016_M,Executar a contagem de um grupo de objetos/pessoas/animais.
ESCOLA MUNICIPAL ANESIO FROTA AGUIAR,MENDES,RIO DE JANEIRO,2º ANO,C:\Users\User1\Downloads\OneDrive_1_02-06-2026 (1)\ESCOLA MUNICIPAL ANESIO FROTA AGUIAR\Consolidado Saex - 2º ANO.pdf,Matemática,82,D056_M,Utilizar conversão entre unidades de medidas de tempo na resolução de problema.
ESCOLA MUNICIPAL ANESIO FROTA AGUIAR,MENDES,RIO DE JANEIRO,2º ANO,C:\Users\User1\Downloads\OneDrive_1_02-06-2026 (1)\ESCOLA MUNICIPAL ANESIO FROTA AGUIAR\Consolidado Saex - 2º ANO.pdf,Matemática,70,D004_M,Comparar ou ordenar quantidades pela contagem.
ESCOLA MUNICIPAL ANESIO FROTA AGUIAR,MENDES,RIO DE JANEIRO,2º ANO,C:\Users\User1\Downloads\OneDrive_1_02-06-2026 (1)\ESCOLA MUNICIPAL ANESIO FROTA AGUIAR\Consolidado Saex - 2º ANO.pdf,Matemática,95,D029_M,Identificar números naturais segundo critérios de ordem.
ESCOLA MUNICIPAL ANESIO FROTA AGUIAR,MENDES,RIO DE JANEIRO,2º ANO,C:\Users\User1\Downloads\OneDrive_1_02-06-2026 (1)\ESCOLA MUNICIPAL ANESIO FROTA AGUIAR\Consolidado Saex - 2º ANO.pdf,Matemática,93,D032_M,Identificar representações de figuras bidimensionais.
ESCOLA MUNICIPAL ANESIO FROTA AGUIAR,MENDES,RIO DE JANEIRO,2º ANO,C:\Users\User1\Downloads\OneDrive_1_02-06-2026 (1)\ESCOLA MUNICIPAL ANESIO FROTA AGUIAR\Consolidado Saex - 2º ANO.pdf,Matemática,93,D027_M,Identificar informações a partir de dados dispostos em tabelas.
ESCOLA MUNICIPAL ANESIO FROTA AGUIAR,MENDES,RIO DE JANEIRO,2º ANO,C:\Users\User1\Downloads\OneDrive_1_02-06-2026 (1)\ESCOLA MUNICIPAL ANESIO FROTA AGUIAR\Consolidado Saex - 2º ANO.pdf,Matemática,89,D003_M,"Comparar ou ordenar o objeto/pessoa/animal por meio dos atributos de comprimento, altura, espessura e tamanho."
ESCOLA MUNICIPAL ANESIO FROTA AGUIAR,MENDES,RIO DE JANEIRO,2º ANO,C:\Users\User1\Downloads\OneDrive_1_02-06-2026 (1)\ESCOLA MUNICIPAL ANESIO FROTA AGUIAR\Consolidado Saex - 2º ANO.pdf,Matemática,82,D005_M,Corresponder cédulas e/ou moedas do Sistema Monetário Brasileiro.
ESCOLA MUNICIPAL ANESIO FROTA AGUIAR,MENDES,RIO DE JANEIRO,2º ANO,C:\Users\User1\Downloads\OneDrive_1_02-06-2026 (1)\ESCOLA MUNICIPAL ANESIO FROTA AGUIAR\Consolidado Saex - 2º ANO.pdf,Matemática,64,D066_M,"Utilizar números naturais, envolvendo diferentes significados da adição ou da subtração, na resolução de problemas."
ESCOLA MUNICIPAL ANESIO FROTA AGUIAR,MENDES,RIO DE JANEIRO,2º ANO,C:\Users\User1\Downloads\OneDrive_1_02-06-2026 (1)\ESCOLA MUNICIPAL ANESIO FROTA AGUIAR\Consolidado Saex - 2º ANO.pdf,Matemática,57,D017_M,Executar adição ou subtração com números naturais.
ESCOLA MUNICIPAL ANESIO FROTA AGUIAR,MENDES,RIO DE JANEIRO,3º ANO,C:\Users\User1\Downloads\OneDrive_1_02-06-2026 (1)\ESCOLA MUNICIPAL ANESIO FROTA AGUIAR\Consolidado Saex - 3º ANO.pdf,Língua Portuguesa,95,D003_P,Reconhecer as diferentes formas de grafar uma mesma letra ou palavra.
ESCOLA MUNICIPAL ANESIO FROTA AGUIAR,MENDES,RIO DE JANEIRO,3º ANO,C:\Users\User1\Downloads\OneDrive_1_02-06-2026 (1)\ESCOLA MUNICIPAL ANESIO FROTA AGUIAR\Consolidado Saex - 3º ANO.pdf,Língua Portuguesa,95,D010_P,Ler palavras formadas por sílabas não canônicas.
ESCOLA MUNICIPAL ANESIO FROTA AGUIAR,MENDES,RIO DE JANEIRO,3º ANO,C:\Users\User1\Downloads\OneDrive_1_02-06-2026 (1)\ESCOLA MUNICIPAL ANESIO FROTA AGUIAR\Consolidado Saex - 3º ANO.pdf,Língua Portuguesa,95,D030_P,Reconhecer os elementos que compõem uma narrativa e o conflito gerador.
ESCOLA MUNICIPAL ANESIO FROTA AGUIAR,MENDES,RIO DE JANEIRO,3º ANO,C:\Users\User1\Downloads\OneDrive_1_02-06-2026 (1)\ESCOLA MUNICIPAL ANESIO FROTA AGUIAR\Consolidado Saex - 3º ANO.pdf,Língua Portuguesa,93,D007_P,Identificar o número de sílabas de uma palavra.
ESCOLA MUNICIPAL ANESIO FROTA AGUIAR,MENDES,RIO DE JANEIRO,3º ANO,C:\Users\User1\Downloads\OneDrive_1_02-06-2026 (1)\ESCOLA MUNICIPAL ANESIO FROTA AGUIAR\Consolidado Saex - 3º ANO.pdf,Língua Portuguesa,90,D017_P,Reconhecer o gênero de um texto.
ESCOLA MUNICIPAL ANESIO FROTA AGUIAR,MENDES,RIO DE JANEIRO,3º ANO,C:\Users\User1\Downloads\OneDrive_1_02-06-2026 (1)\ESCOLA MUNICIPAL ANESIO FROTA AGUIAR\Consolidado Saex - 3º ANO.pdf,Língua Portuguesa,85,D009_P,Ler palavras formadas por sílabas canônicas.
ESCOLA MUNICIPAL ANESIO FROTA AGUIAR,MENDES,RIO DE JANEIRO,3º ANO,C:\Users\User1\Downloads\OneDrive_1_02-06-2026 (1)\ESCOLA MUNICIPAL ANESIO FROTA AGUIAR\Consolidado Saex - 3º ANO.pdf,Língua Portuguesa,85,D016_P,Identificar a finalidade de textos de diferentes gêneros.
ESCOLA MUNICIPAL ANESIO FROTA AGUIAR,MENDES,RIO DE JANEIRO,3º ANO,C:\Users\User1\Downloads\OneDrive_1_02-06-2026 (1)\ESCOLA MUNICIPAL ANESIO FROTA AGUIAR\Consolidado Saex - 3º ANO.pdf,Língua Portuguesa,78,D008_P,Identificar sílabas de uma palavra.
ESCOLA MUNICIPAL ANESIO FROTA AGUIAR,MENDES,RIO DE JANEIRO,3º ANO,C:\Users\User1\Downloads\OneDrive_1_02-06-2026 (1)\ESCOLA MUNICIPAL ANESIO FROTA AGUIAR\Consolidado Saex - 3º ANO.pdf,Língua Portuguesa,70,D021_P,Localizar informação explícita.
ESCOLA MUNICIPAL ANESIO FROTA AGUIAR,MENDES,RIO DE JANEIRO,3º ANO,C:\Users\User1\Downloads\OneDrive_1_02-06-2026 (1)\ESCOLA MUNICIPAL ANESIO FROTA AGUIAR\Consolidado Saex - 3º ANO.pdf,Língua Portuguesa,68,D005_P,Identificar a unidade palavra em frases.
ESCOLA MUNICIPAL ANESIO FROTA AGUIAR,MENDES,RIO DE JANEIRO,3º ANO,C:\Users\User1\Downloads\OneDrive_1_02-06-2026 (1)\ESCOLA MUNICIPAL ANESIO FROTA AGUIAR\Consolidado Saex - 3º ANO.pdf,Língua Portuguesa,60,D015_P,Ler frases.
ESCOLA MUNICIPAL ANESIO FROTA AGUIAR,MENDES,RIO DE JANEIRO,3º ANO,C:\Users\User1\Downloads\OneDrive_1_02-06-2026 (1)\ESCOLA MUNICIPAL ANESIO FROTA AGUIAR\Consolidado Saex - 3º ANO.pdf,Língua Portuguesa,50,D028_P,Reconhecer o assunto de um texto lido.
ESCOLA MUNICIPAL ANESIO FROTA AGUIAR,MENDES,RIO DE JANEIRO,3º ANO,C:\Users\User1\Downloads\OneDrive_1_02-06-2026 (1)\ESCOLA MUNICIPAL ANESIO FROTA AGUIAR\Consolidado Saex - 3º ANO.pdf,Língua Portuguesa,45,D006_P,Identificar rimas.
ESCOLA MUNICIPAL ANESIO FROTA AGUIAR,MENDES,RIO DE JANEIRO,3º ANO,C:\Users\User1\Downloads\OneDrive_1_02-06-2026 (1)\ESCOLA MUNICIPAL ANESIO FROTA AGUIAR\Consolidado Saex - 3º ANO.pdf,Língua Portuguesa,35,D012_P,"Identificar efeito de sentido decorrente de recursos gráficos, seleção lexical e repetição."
ESCOLA MUNICIPAL ANESIO FROTA AGUIAR,MENDES,RIO DE JANEIRO,3º ANO,C:\Users\User1\Downloads\OneDrive_1_02-06-2026 (1)\ESCOLA MUNICIPAL ANESIO FROTA AGUIAR\Consolidado Saex - 3º ANO.pdf,Língua Portuguesa,30,D023_P,Inferir informações em textos.
ESCOLA MUNICIPAL ANESIO FROTA AGUIAR,MENDES,RIO DE JANEIRO,3º ANO,C:\Users\User1\Downloads\OneDrive_1_02-06-2026 (1)\ESCOLA MUNICIPAL ANESIO FROTA AGUIAR\Consolidado Saex - 3º ANO.pdf,Língua Portuguesa,0,D014_P,Identificar variações de sons de grafemas. (Matemática):
ESCOLA MUNICIPAL ANESIO FROTA AGUIAR,MENDES,RIO DE JANEIRO,3º ANO,C:\Users\User1\Downloads\OneDrive_1_02-06-2026 (1)\ESCOLA MUNICIPAL ANESIO FROTA AGUIAR\Consolidado Saex - 3º ANO.pdf,Matemática,40,D022_M,Identificar a localização ou a movimentação de pessoas ou objetos em uma representação plana do espaço.
ESCOLA MUNICIPAL ANESIO FROTA AGUIAR,MENDES,RIO DE JANEIRO,3º ANO,C:\Users\User1\Downloads\OneDrive_1_02-06-2026 (1)\ESCOLA MUNICIPAL ANESIO FROTA AGUIAR\Consolidado Saex - 3º ANO.pdf,Matemática,35,D056_M,Utilizar conversão entre unidades de medidas de tempo na resolução de problema.
ESCOLA MUNICIPAL ANESIO FROTA AGUIAR,MENDES,RIO DE JANEIRO,3º ANO,C:\Users\User1\Downloads\OneDrive_1_02-06-2026 (1)\ESCOLA MUNICIPAL ANESIO FROTA AGUIAR\Consolidado Saex - 3º ANO.pdf,Matemática,45,D042_M,Reconhecer características do sistema de numeração decimal.
ESCOLA MUNICIPAL ANESIO FROTA AGUIAR,MENDES,RIO DE JANEIRO,3º ANO,C:\Users\User1\Downloads\OneDrive_1_02-06-2026 (1)\ESCOLA MUNICIPAL ANESIO FROTA AGUIAR\Consolidado Saex - 3º ANO.pdf,Matemática,45,D023_M,Identificar composições ou decomposições de números naturais.
ESCOLA MUNICIPAL ANESIO FROTA AGUIAR,MENDES,RIO DE JANEIRO,3º ANO,C:\Users\User1\Downloads\OneDrive_1_02-06-2026 (1)\ESCOLA MUNICIPAL ANESIO FROTA AGUIAR\Consolidado Saex - 3º ANO.pdf,Matemática,45,D067_M,"Utilizar números naturais, envolvendo diferentes significados da multiplicação ou da divisão, na resolução de problemas."
ESCOLA MUNICIPAL ANESIO FROTA AGUIAR,MENDES,RIO DE JANEIRO,3º ANO,C:\Users\User1\Downloads\OneDrive_1_02-06-2026 (1)\ESCOLA MUNICIPAL ANESIO FROTA AGUIAR\Consolidado Saex - 3º ANO.pdf,Matemática,48,D027_M,Identificar informações a partir de dados dispostos em tabelas.
ESCOLA MUNICIPAL ANESIO FROTA AGUIAR,MENDES,RIO DE JANEIRO,3º ANO,C:\Users\User1\Downloads\OneDrive_1_02-06-2026 (1)\ESCOLA MUNICIPAL ANESIO FROTA AGUIAR\Consolidado Saex - 3º ANO.pdf,Matemática,65,D029_M,Identificar números naturais segundo critérios de ordem.
ESCOLA MUNICIPAL ANESIO FROTA AGUIAR,MENDES,RIO DE JANEIRO,3º ANO,C:\Users\User1\Downloads\OneDrive_1_02-06-2026 (1)\ESCOLA MUNICIPAL ANESIO FROTA AGUIAR\Consolidado Saex - 3º ANO.pdf,Matemática,63,D017_M,Executar adição ou subtração com números naturais.
ESCOLA MUNICIPAL ANESIO FROTA AGUIAR,MENDES,RIO DE JANEIRO,3º ANO,C:\Users\User1\Downloads\OneDrive_1_02-06-2026 (1)\ESCOLA MUNICIPAL ANESIO FROTA AGUIAR\Consolidado Saex - 3º ANO.pdf,Matemática,60,D005_M,Corresponder cédulas e/ou moedas do Sistema Monetário Brasileiro.
ESCOLA MUNICIPAL ANESIO FROTA AGUIAR,MENDES,RIO DE JANEIRO,3º ANO,C:\Users\User1\Downloads\OneDrive_1_02-06-2026 (1)\ESCOLA MUNICIPAL ANESIO FROTA AGUIAR\Consolidado Saex - 3º ANO.pdf,Matemática,90,D028_M,"Identificar instrumentos utilizados para medir determinadas grandezas (massa, comprimento, capacidade, tempo e temperatura)."
ESCOLA MUNICIPAL ANESIO FROTA AGUIAR,MENDES,RIO DE JANEIRO,3º ANO,C:\Users\User1\Downloads\OneDrive_1_02-06-2026 (1)\ESCOLA MUNICIPAL ANESIO FROTA AGUIAR\Consolidado Saex - 3º ANO.pdf,Matemática,80,D032_M,Identificar representações de figuras bidimensionais.
ESCOLA MUNICIPAL ANESIO FROTA AGUIAR,MENDES,RIO DE JANEIRO,3º ANO,C:\Users\User1\Downloads\OneDrive_1_02-06-2026 (1)\ESCOLA MUNICIPAL ANESIO FROTA AGUIAR\Consolidado Saex - 3º ANO.pdf,Matemática,73,D024_M,Identificar dados apresentados por meio de gráficos.
ESCOLA MUNICIPAL ANESIO FROTA AGUIAR,MENDES,RIO DE JANEIRO,3º ANO,C:\Users\User1\Downloads\OneDrive_1_02-06-2026 (1)\ESCOLA MUNICIPAL ANESIO FROTA AGUIAR\Consolidado Saex - 3º ANO.pdf,Matemática,60,D033_M,Identificar representações de figuras tridimensionais.
ESCOLA MUNICIPAL ANESIO FROTA AGUIAR,MENDES,RIO DE JANEIRO,3º ANO,C:\Users\User1\Downloads\OneDrive_1_02-06-2026 (1)\ESCOLA MUNICIPAL ANESIO FROTA AGUIAR\Consolidado Saex - 3º ANO.pdf,Matemática,60,D066_M,"Utilizar números naturais, envolvendo diferentes significados da adição ou da subtração, na resolução de problemas."
ESCOLA MUNICIPAL ANESIO FROTA AGUIAR,MENDES,RIO DE JANEIRO,4º ANO,C:\Users\User1\Downloads\OneDrive_1_02-06-2026 (1)\ESCOLA MUNICIPAL ANESIO FROTA AGUIAR\Consolidado Saex - 4º ANO.pdf,Língua Portuguesa,95,D010_P,Ler palavras formadas por sílabas não canônicas.
ESCOLA MUNICIPAL ANESIO FROTA AGUIAR,MENDES,RIO DE JANEIRO,4º ANO,C:\Users\User1\Downloads\OneDrive_1_02-06-2026 (1)\ESCOLA MUNICIPAL ANESIO FROTA AGUIAR\Consolidado Saex - 4º ANO.pdf,Língua Portuguesa,90,D009_P,Ler palavras formadas por sílabas canônicas.
ESCOLA MUNICIPAL ANESIO FROTA AGUIAR,MENDES,RIO DE JANEIRO,4º ANO,C:\Users\User1\Downloads\OneDrive_1_02-06-2026 (1)\ESCOLA MUNICIPAL ANESIO FROTA AGUIAR\Consolidado Saex - 4º ANO.pdf,Língua Portuguesa,90,D007_P,Identificar o número de sílabas de uma palavra.
ESCOLA MUNICIPAL ANESIO FROTA AGUIAR,MENDES,RIO DE JANEIRO,4º ANO,C:\Users\User1\Downloads\OneDrive_1_02-06-2026 (1)\ESCOLA MUNICIPAL ANESIO FROTA AGUIAR\Consolidado Saex - 4º ANO.pdf,Língua Portuguesa,85,D030_P,Reconhecer os elementos que compõem uma narrativa e o conflito gerador.
ESCOLA MUNICIPAL ANESIO FROTA AGUIAR,MENDES,RIO DE JANEIRO,4º ANO,C:\Users\User1\Downloads\OneDrive_1_02-06-2026 (1)\ESCOLA MUNICIPAL ANESIO FROTA AGUIAR\Consolidado Saex - 4º ANO.pdf,Língua Portuguesa,83,D017_P,Reconhecer o gênero de um texto.
ESCOLA MUNICIPAL ANESIO FROTA AGUIAR,MENDES,RIO DE JANEIRO,4º ANO,C:\Users\User1\Downloads\OneDrive_1_02-06-2026 (1)\ESCOLA MUNICIPAL ANESIO FROTA AGUIAR\Consolidado Saex - 4º ANO.pdf,Língua Portuguesa,80,D028_P,Reconhecer o assunto de um texto lido.
ESCOLA MUNICIPAL ANESIO FROTA AGUIAR,MENDES,RIO DE JANEIRO,4º ANO,C:\Users\User1\Downloads\OneDrive_1_02-06-2026 (1)\ESCOLA MUNICIPAL ANESIO FROTA AGUIAR\Consolidado Saex - 4º ANO.pdf,Língua Portuguesa,80,D006_P,Identificar rimas.
ESCOLA MUNICIPAL ANESIO FROTA AGUIAR,MENDES,RIO DE JANEIRO,4º ANO,C:\Users\User1\Downloads\OneDrive_1_02-06-2026 (1)\ESCOLA MUNICIPAL ANESIO FROTA AGUIAR\Consolidado Saex - 4º ANO.pdf,Língua Portuguesa,75,D021_P,Localizar informação explícita.
ESCOLA MUNICIPAL ANESIO FROTA AGUIAR,MENDES,RIO DE JANEIRO,4º ANO,C:\Users\User1\Downloads\OneDrive_1_02-06-2026 (1)\ESCOLA MUNICIPAL ANESIO FROTA AGUIAR\Consolidado Saex - 4º ANO.pdf,Língua Portuguesa,73,D037_P,"Reconhecer as relações entre partes de um texto, identificando os recursos coesivos que contribuem para a sua continuidade."
ESCOLA MUNICIPAL ANESIO FROTA AGUIAR,MENDES,RIO DE JANEIRO,4º ANO,C:\Users\User1\Downloads\OneDrive_1_02-06-2026 (1)\ESCOLA MUNICIPAL ANESIO FROTA AGUIAR\Consolidado Saex - 4º ANO.pdf,Língua Portuguesa,70,D012_P,"Identificar efeito de sentido decorrente de recursos gráficos, seleção lexical e repetição."
ESCOLA MUNICIPAL ANESIO FROTA AGUIAR,MENDES,RIO DE JANEIRO,4º ANO,C:\Users\User1\Downloads\OneDrive_1_02-06-2026 (1)\ESCOLA MUNICIPAL ANESIO FROTA AGUIAR\Consolidado Saex - 4º ANO.pdf,Língua Portuguesa,68,D023_P,Inferir informações em textos.
ESCOLA MUNICIPAL ANESIO FROTA AGUIAR,MENDES,RIO DE JANEIRO,4º ANO,C:\Users\User1\Downloads\OneDrive_1_02-06-2026 (1)\ESCOLA MUNICIPAL ANESIO FROTA AGUIAR\Consolidado Saex - 4º ANO.pdf,Língua Portuguesa,60,D022_P,Inferir o sentido de palavra ou expressão a partir do contexto.
ESCOLA MUNICIPAL ANESIO FROTA AGUIAR,MENDES,RIO DE JANEIRO,4º ANO,C:\Users\User1\Downloads\OneDrive_1_02-06-2026 (1)\ESCOLA MUNICIPAL ANESIO FROTA AGUIAR\Consolidado Saex - 4º ANO.pdf,Língua Portuguesa,58,D016_P,Identificar a finalidade de textos de diferentes gêneros.
ESCOLA MUNICIPAL ANESIO FROTA AGUIAR,MENDES,RIO DE JANEIRO,4º ANO,C:\Users\User1\Downloads\OneDrive_1_02-06-2026 (1)\ESCOLA MUNICIPAL ANESIO FROTA AGUIAR\Consolidado Saex - 4º ANO.pdf,Língua Portuguesa,55,D025_P,Reconhecer efeitos de sentido decorrentes do uso ou função da pontuação e de outras notações. (Matemática):
ESCOLA MUNICIPAL ANESIO FROTA AGUIAR,MENDES,RIO DE JANEIRO,4º ANO,C:\Users\User1\Downloads\OneDrive_1_02-06-2026 (1)\ESCOLA MUNICIPAL ANESIO FROTA AGUIAR\Consolidado Saex - 4º ANO.pdf,Matemática,28,D045_M,Reconhecer horas em relógios digitais e/ou analógicos.
ESCOLA MUNICIPAL ANESIO FROTA AGUIAR,MENDES,RIO DE JANEIRO,4º ANO,C:\Users\User1\Downloads\OneDrive_1_02-06-2026 (1)\ESCOLA MUNICIPAL ANESIO FROTA AGUIAR\Consolidado Saex - 4º ANO.pdf,Matemática,15,D028_M,"Identificar instrumentos utilizados para medir determinadas grandezas (massa, comprimento, capacidade, tempo e temperatura)."
ESCOLA MUNICIPAL ANESIO FROTA AGUIAR,MENDES,RIO DE JANEIRO,4º ANO,C:\Users\User1\Downloads\OneDrive_1_02-06-2026 (1)\ESCOLA MUNICIPAL ANESIO FROTA AGUIAR\Consolidado Saex - 4º ANO.pdf,Matemática,47,D023_M,Identificar composições ou decomposições de números naturais.
ESCOLA MUNICIPAL ANESIO FROTA AGUIAR,MENDES,RIO DE JANEIRO,4º ANO,C:\Users\User1\Downloads\OneDrive_1_02-06-2026 (1)\ESCOLA MUNICIPAL ANESIO FROTA AGUIAR\Consolidado Saex - 4º ANO.pdf,Matemática,40,D011_M,Corresponder o horário de início e de término com o intervalo de duração de um evento ou acontecimento.
ESCOLA MUNICIPAL ANESIO FROTA AGUIAR,MENDES,RIO DE JANEIRO,4º ANO,C:\Users\User1\Downloads\OneDrive_1_02-06-2026 (1)\ESCOLA MUNICIPAL ANESIO FROTA AGUIAR\Consolidado Saex - 4º ANO.pdf,Matemática,40,D067_M,"Utilizar números naturais, envolvendo diferentes significados da multiplicação ou da divisão, na resolução de problemas."
ESCOLA MUNICIPAL ANESIO FROTA AGUIAR,MENDES,RIO DE JANEIRO,4º ANO,C:\Users\User1\Downloads\OneDrive_1_02-06-2026 (1)\ESCOLA MUNICIPAL ANESIO FROTA AGUIAR\Consolidado Saex - 4º ANO.pdf,Matemática,53,D066_M,"Utilizar números naturais, envolvendo diferentes significados da adição ou da subtração, na resolução de problemas."
ESCOLA MUNICIPAL ANESIO FROTA AGUIAR,MENDES,RIO DE JANEIRO,4º ANO,C:\Users\User1\Downloads\OneDrive_1_02-06-2026 (1)\ESCOLA MUNICIPAL ANESIO FROTA AGUIAR\Consolidado Saex - 4º ANO.pdf,Matemática,70,D007_M,Corresponder números naturais a pontos da reta numérica.
ESCOLA MUNICIPAL ANESIO FROTA AGUIAR,MENDES,RIO DE JANEIRO,4º ANO,C:\Users\User1\Downloads\OneDrive_1_02-06-2026 (1)\ESCOLA MUNICIPAL ANESIO FROTA AGUIAR\Consolidado Saex - 4º ANO.pdf,Matemática,70,D017_M,Executar adição ou subtração com números naturais.
ESCOLA MUNICIPAL ANESIO FROTA AGUIAR,MENDES,RIO DE JANEIRO,4º ANO,C:\Users\User1\Downloads\OneDrive_1_02-06-2026 (1)\ESCOLA MUNICIPAL ANESIO FROTA AGUIAR\Consolidado Saex - 4º ANO.pdf,Matemática,70,D042_M,Reconhecer características do sistema de numeração decimal.
ESCOLA MUNICIPAL ANESIO FROTA AGUIAR,MENDES,RIO DE JANEIRO,4º ANO,C:\Users\User1\Downloads\OneDrive_1_02-06-2026 (1)\ESCOLA MUNICIPAL ANESIO FROTA AGUIAR\Consolidado Saex - 4º ANO.pdf,Matemática,90,D022_M,Identificar a localização ou a movimentação de pessoas ou objetos em uma representação plana do espaço.
ESCOLA MUNICIPAL ANESIO FROTA AGUIAR,MENDES,RIO DE JANEIRO,4º ANO,C:\Users\User1\Downloads\OneDrive_1_02-06-2026 (1)\ESCOLA MUNICIPAL ANESIO FROTA AGUIAR\Consolidado Saex - 4º ANO.pdf,Matemática,90,D024_M,Identificar dados apresentados por meio de gráficos.
ESCOLA MUNICIPAL ANESIO FROTA AGUIAR,MENDES,RIO DE JANEIRO,4º ANO,C:\Users\User1\Downloads\OneDrive_1_02-06-2026 (1)\ESCOLA MUNICIPAL ANESIO FROTA AGUIAR\Consolidado Saex - 4º ANO.pdf,Matemática,90,D033_M,Identificar representações de figuras tridimensionais.
ESCOLA MUNICIPAL ANESIO FROTA AGUIAR,MENDES,RIO DE JANEIRO,4º ANO,C:\Users\User1\Downloads\OneDrive_1_02-06-2026 (1)\ESCOLA MUNICIPAL ANESIO FROTA AGUIAR\Consolidado Saex - 4º ANO.pdf,Matemática,80,D027_M,Identificar informações a partir de dados dispostos em tabelas.
ESCOLA MUNICIPAL ANESIO FROTA AGUIAR,MENDES,RIO DE JANEIRO,4º ANO,C:\Users\User1\Downloads\OneDrive_1_02-06-2026 (1)\ESCOLA MUNICIPAL ANESIO FROTA AGUIAR\Consolidado Saex - 4º ANO.pdf,Matemática,80,D008_M,Corresponder números naturais à sua escrita por extenso.
ESCOLA MUNICIPAL ANESIO FROTA AGUIAR,MENDES,RIO DE JANEIRO,4º ANO,C:\Users\User1\Downloads\OneDrive_1_02-06-2026 (1)\ESCOLA MUNICIPAL ANESIO FROTA AGUIAR\Consolidado Saex - 4º ANO.pdf,Matemática,65,D029_M,Identificar números naturais segundo critérios de ordem.
ESCOLA MUNICIPAL ANESIO FROTA AGUIAR,MENDES,RIO DE JANEIRO,4º ANO,C:\Users\User1\Downloads\OneDrive_1_02-06-2026 (1)\ESCOLA MUNICIPAL ANESIO FROTA AGUIAR\Consolidado Saex - 4º ANO.pdf,Matemática,58,D056_M,Utilizar conversão entre unidades de medidas de tempo na resolução de problema.
ESCOLA MUNICIPAL ANESIO FROTA AGUIAR,MENDES,RIO DE JANEIRO,5º ANO,C:\Users\User1\Downloads\OneDrive_1_02-06-2026 (1)\ESCOLA MUNICIPAL ANESIO FROTA AGUIAR\Consolidado Saex - 5º ANO.pdf,Língua Portuguesa,78,D017_P,Reconhecer o gênero de um texto.
ESCOLA MUNICIPAL ANESIO FROTA AGUIAR,MENDES,RIO DE JANEIRO,5º ANO,C:\Users\User1\Downloads\OneDrive_1_02-06-2026 (1)\ESCOLA MUNICIPAL ANESIO FROTA AGUIAR\Consolidado Saex - 5º ANO.pdf,Língua Portuguesa,70,D012_P,"Identificar efeito de sentido decorrente de recursos gráficos, seleção lexical e repetição."
ESCOLA MUNICIPAL ANESIO FROTA AGUIAR,MENDES,RIO DE JANEIRO,5º ANO,C:\Users\User1\Downloads\OneDrive_1_02-06-2026 (1)\ESCOLA MUNICIPAL ANESIO FROTA AGUIAR\Consolidado Saex - 5º ANO.pdf,Língua Portuguesa,68,D023_P,Inferir informações em textos.
ESCOLA MUNICIPAL ANESIO FROTA AGUIAR,MENDES,RIO DE JANEIRO,5º ANO,C:\Users\User1\Downloads\OneDrive_1_02-06-2026 (1)\ESCOLA MUNICIPAL ANESIO FROTA AGUIAR\Consolidado Saex - 5º ANO.pdf,Língua Portuguesa,63,D030_P,Reconhecer os elementos que compõem uma narrativa e o conflito gerador.
ESCOLA MUNICIPAL ANESIO FROTA AGUIAR,MENDES,RIO DE JANEIRO,5º ANO,C:\Users\User1\Downloads\OneDrive_1_02-06-2026 (1)\ESCOLA MUNICIPAL ANESIO FROTA AGUIAR\Consolidado Saex - 5º ANO.pdf,Língua Portuguesa,60,D057_P,Interpretar textos que articulam elementos verbais e não verbais.
ESCOLA MUNICIPAL ANESIO FROTA AGUIAR,MENDES,RIO DE JANEIRO,5º ANO,C:\Users\User1\Downloads\OneDrive_1_02-06-2026 (1)\ESCOLA MUNICIPAL ANESIO FROTA AGUIAR\Consolidado Saex - 5º ANO.pdf,Língua Portuguesa,48,D021_P,Localizar informação explícita.
ESCOLA MUNICIPAL ANESIO FROTA AGUIAR,MENDES,RIO DE JANEIRO,5º ANO,C:\Users\User1\Downloads\OneDrive_1_02-06-2026 (1)\ESCOLA MUNICIPAL ANESIO FROTA AGUIAR\Consolidado Saex - 5º ANO.pdf,Língua Portuguesa,43,D022_P,Inferir o sentido de palavra ou expressão a partir do contexto.
ESCOLA MUNICIPAL ANESIO FROTA AGUIAR,MENDES,RIO DE JANEIRO,5º ANO,C:\Users\User1\Downloads\OneDrive_1_02-06-2026 (1)\ESCOLA MUNICIPAL ANESIO FROTA AGUIAR\Consolidado Saex - 5º ANO.pdf,Língua Portuguesa,43,D037_P,"Reconhecer as relações entre partes de um texto, identificando os recursos coesivos que contribuem para a sua continuidade."
ESCOLA MUNICIPAL ANESIO FROTA AGUIAR,MENDES,RIO DE JANEIRO,5º ANO,C:\Users\User1\Downloads\OneDrive_1_02-06-2026 (1)\ESCOLA MUNICIPAL ANESIO FROTA AGUIAR\Consolidado Saex - 5º ANO.pdf,Língua Portuguesa,40,D039_P,Reconhecer o sentido das relações lógico-discursivas em um texto.
ESCOLA MUNICIPAL ANESIO FROTA AGUIAR,MENDES,RIO DE JANEIRO,5º ANO,C:\Users\User1\Downloads\OneDrive_1_02-06-2026 (1)\ESCOLA MUNICIPAL ANESIO FROTA AGUIAR\Consolidado Saex - 5º ANO.pdf,Língua Portuguesa,38,D016_P,Identificar a finalidade de textos de diferentes gêneros.
ESCOLA MUNICIPAL ANESIO FROTA AGUIAR,MENDES,RIO DE JANEIRO,5º ANO,C:\Users\User1\Downloads\OneDrive_1_02-06-2026 (1)\ESCOLA MUNICIPAL ANESIO FROTA AGUIAR\Consolidado Saex - 5º ANO.pdf,Língua Portuguesa,25,D028_P,Reconhecer o assunto de um texto lido. (Matemática):
ESCOLA MUNICIPAL ANESIO FROTA AGUIAR,MENDES,RIO DE JANEIRO,5º ANO,C:\Users\User1\Downloads\OneDrive_1_02-06-2026 (1)\ESCOLA MUNICIPAL ANESIO FROTA AGUIAR\Consolidado Saex - 5º ANO.pdf,Matemática,90,D022_M,Identificar a localização ou a movimentação de pessoas ou objetos em uma representação plana do espaço.
ESCOLA MUNICIPAL ANESIO FROTA AGUIAR,MENDES,RIO DE JANEIRO,5º ANO,C:\Users\User1\Downloads\OneDrive_1_02-06-2026 (1)\ESCOLA MUNICIPAL ANESIO FROTA AGUIAR\Consolidado Saex - 5º ANO.pdf,Matemática,95,D007_M,Corresponder números naturais a pontos da reta numérica.
ESCOLA MUNICIPAL ANESIO FROTA AGUIAR,MENDES,RIO DE JANEIRO,5º ANO,C:\Users\User1\Downloads\OneDrive_1_02-06-2026 (1)\ESCOLA MUNICIPAL ANESIO FROTA AGUIAR\Consolidado Saex - 5º ANO.pdf,Matemática,95,D080_M,Utilizar perímetro de figuras bidimensionais na resolução de problema.
ESCOLA MUNICIPAL ANESIO FROTA AGUIAR,MENDES,RIO DE JANEIRO,5º ANO,C:\Users\User1\Downloads\OneDrive_1_02-06-2026 (1)\ESCOLA MUNICIPAL ANESIO FROTA AGUIAR\Consolidado Saex - 5º ANO.pdf,Matemática,30,D009_M,Corresponder números racionais a pontos da reta numérica.
ESCOLA MUNICIPAL ANESIO FROTA AGUIAR,MENDES,RIO DE JANEIRO,5º ANO,C:\Users\User1\Downloads\OneDrive_1_02-06-2026 (1)\ESCOLA MUNICIPAL ANESIO FROTA AGUIAR\Consolidado Saex - 5º ANO.pdf,Matemática,15,D010_M,Corresponder números racionais na representação decimal à sua escrita por extenso.
ESCOLA MUNICIPAL ANESIO FROTA AGUIAR,MENDES,RIO DE JANEIRO,5º ANO,C:\Users\User1\Downloads\OneDrive_1_02-06-2026 (1)\ESCOLA MUNICIPAL ANESIO FROTA AGUIAR\Consolidado Saex - 5º ANO.pdf,Matemática,60,D037_M,"Identificar uma sequência crescente ou decrescente, dentre uma coleção de sequências de números naturais."
ESCOLA MUNICIPAL ANESIO FROTA AGUIAR,MENDES,RIO DE JANEIRO,5º ANO,C:\Users\User1\Downloads\OneDrive_1_02-06-2026 (1)\ESCOLA MUNICIPAL ANESIO FROTA AGUIAR\Consolidado Saex - 5º ANO.pdf,Matemática,50,D045_M,Reconhecer horas em relógios digitais e/ou analógicos.
ESCOLA MUNICIPAL ANESIO FROTA AGUIAR,MENDES,RIO DE JANEIRO,5º ANO,C:\Users\User1\Downloads\OneDrive_1_02-06-2026 (1)\ESCOLA MUNICIPAL ANESIO FROTA AGUIAR\Consolidado Saex - 5º ANO.pdf,Matemática,35,D011_M,Corresponder o horário de início e de término com o intervalo de duração de um evento ou acontecimento.
ESCOLA MUNICIPAL ANESIO FROTA AGUIAR,MENDES,RIO DE JANEIRO,5º ANO,C:\Users\User1\Downloads\OneDrive_1_02-06-2026 (1)\ESCOLA MUNICIPAL ANESIO FROTA AGUIAR\Consolidado Saex - 5º ANO.pdf,Matemática,65,D065_M,"Utilizar números naturais e racionais, envolvendo diferentes significados da adição ou da subtração, na resolução de problemas."
ESCOLA MUNICIPAL ANESIO FROTA AGUIAR,MENDES,RIO DE JANEIRO,5º ANO,C:\Users\User1\Downloads\OneDrive_1_02-06-2026 (1)\ESCOLA MUNICIPAL ANESIO FROTA AGUIAR\Consolidado Saex - 5º ANO.pdf,Matemática,75,D066_M,"Utilizar números naturais, envolvendo diferentes significados da adição ou da subtração, na resolução de problemas."
ESCOLA MUNICIPAL ANESIO FROTA AGUIAR,MENDES,RIO DE JANEIRO,5º ANO,C:\Users\User1\Downloads\OneDrive_1_02-06-2026 (1)\ESCOLA MUNICIPAL ANESIO FROTA AGUIAR\Consolidado Saex - 5º ANO.pdf,Matemática,75,D042_M,Reconhecer características do sistema de numeração decimal.
ESCOLA MUNICIPAL ANESIO FROTA AGUIAR,MENDES,RIO DE JANEIRO,5º ANO,C:\Users\User1\Downloads\OneDrive_1_02-06-2026 (1)\ESCOLA MUNICIPAL ANESIO FROTA AGUIAR\Consolidado Saex - 5º ANO.pdf,Matemática,70,D012_M,Corresponder objetos em uma representação plana do espaço à sua localização descrita por meio de um par ordenado.
ESCOLA MUNICIPAL ANESIO FROTA AGUIAR,MENDES,RIO DE JANEIRO,5º ANO,C:\Users\User1\Downloads\OneDrive_1_02-06-2026 (1)\ESCOLA MUNICIPAL ANESIO FROTA AGUIAR\Consolidado Saex - 5º ANO.pdf,Matemática,85,D033_M,Identificar representações de figuras tridimensionais.
ESCOLA MUNICIPAL ANESIO FROTA AGUIAR,MENDES,RIO DE JANEIRO,5º ANO,C:\Users\User1\Downloads\OneDrive_1_02-06-2026 (1)\ESCOLA MUNICIPAL ANESIO FROTA AGUIAR\Consolidado Saex - 5º ANO.pdf,Matemática,85,D044_M,Reconhecer fração como representação associada a diferentes significados.
ESCOLA MUNICIPAL ANESIO FROTA AGUIAR,MENDES,RIO DE JANEIRO,5º ANO,C:\Users\User1\Downloads\OneDrive_1_02-06-2026 (1)\ESCOLA MUNICIPAL ANESIO FROTA AGUIAR\Consolidado Saex - 5º ANO.pdf,Matemática,85,D055_M,"Utilizar conversão entre unidades de medida, na resolução de problema."
ESCOLA MUNICIPAL ANESIO FROTA AGUIAR,MENDES,RIO DE JANEIRO,5º ANO,C:\Users\User1\Downloads\OneDrive_1_02-06-2026 (1)\ESCOLA MUNICIPAL ANESIO FROTA AGUIAR\Consolidado Saex - 5º ANO.pdf,Matemática,85,D008_M,Corresponder números naturais à sua escrita por extenso.
ESCOLA MUNICIPAL ANESIO FROTA AGUIAR,MENDES,RIO DE JANEIRO,5º ANO,C:\Users\User1\Downloads\OneDrive_1_02-06-2026 (1)\ESCOLA MUNICIPAL ANESIO FROTA AGUIAR\Consolidado Saex - 5º ANO.pdf,Matemática,80,D015_M,Determinar o número desconhecido que torna verdadeira uma igualdade matemática envolvendo representação simbólica.
ESCOLA MUNICIPAL ANESIO FROTA AGUIAR,MENDES,RIO DE JANEIRO,5º ANO,C:\Users\User1\Downloads\OneDrive_1_02-06-2026 (1)\ESCOLA MUNICIPAL ANESIO FROTA AGUIAR\Consolidado Saex - 5º ANO.pdf,Matemática,70,D026_M,Identificar frações equivalentes.
ESCOLA MUNICIPAL ANESIO FROTA AGUIAR,MENDES,RIO DE JANEIRO,5º ANO,C:\Users\User1\Downloads\OneDrive_1_02-06-2026 (1)\ESCOLA MUNICIPAL ANESIO FROTA AGUIAR\Consolidado Saex - 5º ANO.pdf,Matemática,65,D031_M,"Identificar polígonos de acordo com as características dos seus lados, vértices e ângulos internos."
ESCOLA MUNICIPAL ANTONIO DE FREITAS,MENDES,RIO DE JANEIRO,2º ANO,C:\Users\User1\Downloads\OneDrive_1_02-06-2026 (1)\ESCOLA MUNICIPAL ANTONIO DE FREITAS\Consolidado Saex - 2º ANO.pdf,Língua Portuguesa,93,D007_P,Identificar o número de sílabas de uma palavra.
ESCOLA MUNICIPAL ANTONIO DE FREITAS,MENDES,RIO DE JANEIRO,2º ANO,C:\Users\User1\Downloads\OneDrive_1_02-06-2026 (1)\ESCOLA MUNICIPAL ANTONIO DE FREITAS\Consolidado Saex - 2º ANO.pdf,Língua Portuguesa,80,D014_P,Identificar variações de sons de grafemas.
ESCOLA MUNICIPAL ANTONIO DE FREITAS,MENDES,RIO DE JANEIRO,2º ANO,C:\Users\User1\Downloads\OneDrive_1_02-06-2026 (1)\ESCOLA MUNICIPAL ANTONIO DE FREITAS\Consolidado Saex - 2º ANO.pdf,Língua Portuguesa,73,D009_P,Ler palavras formadas por sílabas canônicas.
ESCOLA MUNICIPAL ANTONIO DE FREITAS,MENDES,RIO DE JANEIRO,2º ANO,C:\Users\User1\Downloads\OneDrive_1_02-06-2026 (1)\ESCOLA MUNICIPAL ANTONIO DE FREITAS\Consolidado Saex - 2º ANO.pdf,Língua Portuguesa,67,D002_P,Reconhecer as letras do alfabeto.
ESCOLA MUNICIPAL ANTONIO DE FREITAS,MENDES,RIO DE JANEIRO,2º ANO,C:\Users\User1\Downloads\OneDrive_1_02-06-2026 (1)\ESCOLA MUNICIPAL ANTONIO DE FREITAS\Consolidado Saex - 2º ANO.pdf,Língua Portuguesa,63,D003_P,Reconhecer as diferentes formas de grafar uma mesma letra ou palavra.
ESCOLA MUNICIPAL ANTONIO DE FREITAS,MENDES,RIO DE JANEIRO,2º ANO,C:\Users\User1\Downloads\OneDrive_1_02-06-2026 (1)\ESCOLA MUNICIPAL ANTONIO DE FREITAS\Consolidado Saex - 2º ANO.pdf,Língua Portuguesa,60,D010_P,Ler palavras formadas por sílabas não canônicas.
ESCOLA MUNICIPAL ANTONIO DE FREITAS,MENDES,RIO DE JANEIRO,2º ANO,C:\Users\User1\Downloads\OneDrive_1_02-06-2026 (1)\ESCOLA MUNICIPAL ANTONIO DE FREITAS\Consolidado Saex - 2º ANO.pdf,Língua Portuguesa,47,D006_P,Identificar rimas.
ESCOLA MUNICIPAL ANTONIO DE FREITAS,MENDES,RIO DE JANEIRO,2º ANO,C:\Users\User1\Downloads\OneDrive_1_02-06-2026 (1)\ESCOLA MUNICIPAL ANTONIO DE FREITAS\Consolidado Saex - 2º ANO.pdf,Língua Portuguesa,43,D017_P,Reconhecer o gênero de um texto.
ESCOLA MUNICIPAL ANTONIO DE FREITAS,MENDES,RIO DE JANEIRO,2º ANO,C:\Users\User1\Downloads\OneDrive_1_02-06-2026 (1)\ESCOLA MUNICIPAL ANTONIO DE FREITAS\Consolidado Saex - 2º ANO.pdf,Língua Portuguesa,40,D008_P,Identificar sílabas de uma palavra.
ESCOLA MUNICIPAL ANTONIO DE FREITAS,MENDES,RIO DE JANEIRO,2º ANO,C:\Users\User1\Downloads\OneDrive_1_02-06-2026 (1)\ESCOLA MUNICIPAL ANTONIO DE FREITAS\Consolidado Saex - 2º ANO.pdf,Língua Portuguesa,37,D005_P,Identificar a unidade palavra em frases.
ESCOLA MUNICIPAL ANTONIO DE FREITAS,MENDES,RIO DE JANEIRO,2º ANO,C:\Users\User1\Downloads\OneDrive_1_02-06-2026 (1)\ESCOLA MUNICIPAL ANTONIO DE FREITAS\Consolidado Saex - 2º ANO.pdf,Língua Portuguesa,23,D013_P,Reconhecer o local de inserção de determinada palavra numa sequência em ordem alfabética.
ESCOLA MUNICIPAL ANTONIO DE FREITAS,MENDES,RIO DE JANEIRO,2º ANO,C:\Users\User1\Downloads\OneDrive_1_02-06-2026 (1)\ESCOLA MUNICIPAL ANTONIO DE FREITAS\Consolidado Saex - 2º ANO.pdf,Língua Portuguesa,20,D016_P,Identificar a finalidade de textos de diferentes gêneros.
ESCOLA MUNICIPAL ANTONIO DE FREITAS,MENDES,RIO DE JANEIRO,2º ANO,C:\Users\User1\Downloads\OneDrive_1_02-06-2026 (1)\ESCOLA MUNICIPAL ANTONIO DE FREITAS\Consolidado Saex - 2º ANO.pdf,Língua Portuguesa,13,D023_P,Inferir informações em textos. (Matemática):
ESCOLA MUNICIPAL ANTONIO DE FREITAS,MENDES,RIO DE JANEIRO,2º ANO,C:\Users\User1\Downloads\OneDrive_1_02-06-2026 (1)\ESCOLA MUNICIPAL ANTONIO DE FREITAS\Consolidado Saex - 2º ANO.pdf,Matemática,100,D033_M,Identificar representações de figuras tridimensionais.
ESCOLA MUNICIPAL ANTONIO DE FREITAS,MENDES,RIO DE JANEIRO,2º ANO,C:\Users\User1\Downloads\OneDrive_1_02-06-2026 (1)\ESCOLA MUNICIPAL ANTONIO DE FREITAS\Consolidado Saex - 2º ANO.pdf,Matemática,29,D056_M,Utilizar conversão entre unidades de medidas de tempo na resolução de problema.
ESCOLA MUNICIPAL ANTONIO DE FREITAS,MENDES,RIO DE JANEIRO,2º ANO,C:\Users\User1\Downloads\OneDrive_1_02-06-2026 (1)\ESCOLA MUNICIPAL ANTONIO DE FREITAS\Consolidado Saex - 2º ANO.pdf,Matemática,57,D005_M,Corresponder cédulas e/ou moedas do Sistema Monetário Brasileiro.
ESCOLA MUNICIPAL ANTONIO DE FREITAS,MENDES,RIO DE JANEIRO,2º ANO,C:\Users\User1\Downloads\OneDrive_1_02-06-2026 (1)\ESCOLA MUNICIPAL ANTONIO DE FREITAS\Consolidado Saex - 2º ANO.pdf,Matemática,57,D066_M,"Utilizar números naturais, envolvendo diferentes significados da adição ou da subtração, na resolução de problemas."
ESCOLA MUNICIPAL ANTONIO DE FREITAS,MENDES,RIO DE JANEIRO,2º ANO,C:\Users\User1\Downloads\OneDrive_1_02-06-2026 (1)\ESCOLA MUNICIPAL ANTONIO DE FREITAS\Consolidado Saex - 2º ANO.pdf,Matemática,50,D022_M,Identificar a localização ou a movimentação de pessoas ou objetos em uma representação plana do espaço.
ESCOLA MUNICIPAL ANTONIO DE FREITAS,MENDES,RIO DE JANEIRO,2º ANO,C:\Users\User1\Downloads\OneDrive_1_02-06-2026 (1)\ESCOLA MUNICIPAL ANTONIO DE FREITAS\Consolidado Saex - 2º ANO.pdf,Matemática,82,D032_M,Identificar representações de figuras bidimensionais.
ESCOLA MUNICIPAL ANTONIO DE FREITAS,MENDES,RIO DE JANEIRO,2º ANO,C:\Users\User1\Downloads\OneDrive_1_02-06-2026 (1)\ESCOLA MUNICIPAL ANTONIO DE FREITAS\Consolidado Saex - 2º ANO.pdf,Matemática,82,D016_M,Executar a contagem de um grupo de objetos/pessoas/animais.
ESCOLA MUNICIPAL ANTONIO DE FREITAS,MENDES,RIO DE JANEIRO,2º ANO,C:\Users\User1\Downloads\OneDrive_1_02-06-2026 (1)\ESCOLA MUNICIPAL ANTONIO DE FREITAS\Consolidado Saex - 2º ANO.pdf,Matemática,79,D003_M,"Comparar ou ordenar o objeto/pessoa/animal por meio dos atributos de comprimento, altura, espessura e tamanho."
ESCOLA MUNICIPAL ANTONIO DE FREITAS,MENDES,RIO DE JANEIRO,2º ANO,C:\Users\User1\Downloads\OneDrive_1_02-06-2026 (1)\ESCOLA MUNICIPAL ANTONIO DE FREITAS\Consolidado Saex - 2º ANO.pdf,Matemática,75,D027_M,Identificar informações a partir de dados dispostos em tabelas.
ESCOLA MUNICIPAL ANTONIO DE FREITAS,MENDES,RIO DE JANEIRO,2º ANO,C:\Users\User1\Downloads\OneDrive_1_02-06-2026 (1)\ESCOLA MUNICIPAL ANTONIO DE FREITAS\Consolidado Saex - 2º ANO.pdf,Matemática,71,D029_M,Identificar números naturais segundo critérios de ordem.
ESCOLA MUNICIPAL ANTONIO DE FREITAS,MENDES,RIO DE JANEIRO,2º ANO,C:\Users\User1\Downloads\OneDrive_1_02-06-2026 (1)\ESCOLA MUNICIPAL ANTONIO DE FREITAS\Consolidado Saex - 2º ANO.pdf,Matemática,46,D004_M,Comparar ou ordenar quantidades pela contagem.
ESCOLA MUNICIPAL ANTONIO DE FREITAS,MENDES,RIO DE JANEIRO,2º ANO,C:\Users\User1\Downloads\OneDrive_1_02-06-2026 (1)\ESCOLA MUNICIPAL ANTONIO DE FREITAS\Consolidado Saex - 2º ANO.pdf,Matemática,43,D017_M,Executar adição ou subtração com números naturais.
ESCOLA MUNICIPAL ANTONIO DE FREITAS,MENDES,RIO DE JANEIRO,3º ANO,C:\Users\User1\Downloads\OneDrive_1_02-06-2026 (1)\ESCOLA MUNICIPAL ANTONIO DE FREITAS\Consolidado Saex - 3º ANO.pdf,Língua Portuguesa,77,D003_P,Reconhecer as diferentes formas de grafar uma mesma letra ou palavra.
ESCOLA MUNICIPAL ANTONIO DE FREITAS,MENDES,RIO DE JANEIRO,3º ANO,C:\Users\User1\Downloads\OneDrive_1_02-06-2026 (1)\ESCOLA MUNICIPAL ANTONIO DE FREITAS\Consolidado Saex - 3º ANO.pdf,Língua Portuguesa,69,D008_P,Identificar sílabas de uma palavra.
ESCOLA MUNICIPAL ANTONIO DE FREITAS,MENDES,RIO DE JANEIRO,3º ANO,C:\Users\User1\Downloads\OneDrive_1_02-06-2026 (1)\ESCOLA MUNICIPAL ANTONIO DE FREITAS\Consolidado Saex - 3º ANO.pdf,Língua Portuguesa,69,D009_P,Ler palavras formadas por sílabas canônicas.
ESCOLA MUNICIPAL ANTONIO DE FREITAS,MENDES,RIO DE JANEIRO,3º ANO,C:\Users\User1\Downloads\OneDrive_1_02-06-2026 (1)\ESCOLA MUNICIPAL ANTONIO DE FREITAS\Consolidado Saex - 3º ANO.pdf,Língua Portuguesa,69,D030_P,Reconhecer os elementos que compõem uma narrativa e o conflito gerador.
ESCOLA MUNICIPAL ANTONIO DE FREITAS,MENDES,RIO DE JANEIRO,3º ANO,C:\Users\User1\Downloads\OneDrive_1_02-06-2026 (1)\ESCOLA MUNICIPAL ANTONIO DE FREITAS\Consolidado Saex - 3º ANO.pdf,Língua Portuguesa,65,D010_P,Ler palavras formadas por sílabas não canônicas.
ESCOLA MUNICIPAL ANTONIO DE FREITAS,MENDES,RIO DE JANEIRO,3º ANO,C:\Users\User1\Downloads\OneDrive_1_02-06-2026 (1)\ESCOLA MUNICIPAL ANTONIO DE FREITAS\Consolidado Saex - 3º ANO.pdf,Língua Portuguesa,62,D015_P,Ler frases.
ESCOLA MUNICIPAL ANTONIO DE FREITAS,MENDES,RIO DE JANEIRO,3º ANO,C:\Users\User1\Downloads\OneDrive_1_02-06-2026 (1)\ESCOLA MUNICIPAL ANTONIO DE FREITAS\Consolidado Saex - 3º ANO.pdf,Língua Portuguesa,58,D007_P,Identificar o número de sílabas de uma palavra.
ESCOLA MUNICIPAL ANTONIO DE FREITAS,MENDES,RIO DE JANEIRO,3º ANO,C:\Users\User1\Downloads\OneDrive_1_02-06-2026 (1)\ESCOLA MUNICIPAL ANTONIO DE FREITAS\Consolidado Saex - 3º ANO.pdf,Língua Portuguesa,54,D016_P,Identificar a finalidade de textos de diferentes gêneros.
ESCOLA MUNICIPAL ANTONIO DE FREITAS,MENDES,RIO DE JANEIRO,3º ANO,C:\Users\User1\Downloads\OneDrive_1_02-06-2026 (1)\ESCOLA MUNICIPAL ANTONIO DE FREITAS\Consolidado Saex - 3º ANO.pdf,Língua Portuguesa,50,D005_P,Identificar a unidade palavra em frases.
ESCOLA MUNICIPAL ANTONIO DE FREITAS,MENDES,RIO DE JANEIRO,3º ANO,C:\Users\User1\Downloads\OneDrive_1_02-06-2026 (1)\ESCOLA MUNICIPAL ANTONIO DE FREITAS\Consolidado Saex - 3º ANO.pdf,Língua Portuguesa,46,D028_P,Reconhecer o assunto de um texto lido.
ESCOLA MUNICIPAL ANTONIO DE FREITAS,MENDES,RIO DE JANEIRO,3º ANO,C:\Users\User1\Downloads\OneDrive_1_02-06-2026 (1)\ESCOLA MUNICIPAL ANTONIO DE FREITAS\Consolidado Saex - 3º ANO.pdf,Língua Portuguesa,46,D006_P,Identificar rimas.
ESCOLA MUNICIPAL ANTONIO DE FREITAS,MENDES,RIO DE JANEIRO,3º ANO,C:\Users\User1\Downloads\OneDrive_1_02-06-2026 (1)\ESCOLA MUNICIPAL ANTONIO DE FREITAS\Consolidado Saex - 3º ANO.pdf,Língua Portuguesa,38,D017_P,Reconhecer o gênero de um texto.
ESCOLA MUNICIPAL ANTONIO DE FREITAS,MENDES,RIO DE JANEIRO,3º ANO,C:\Users\User1\Downloads\OneDrive_1_02-06-2026 (1)\ESCOLA MUNICIPAL ANTONIO DE FREITAS\Consolidado Saex - 3º ANO.pdf,Língua Portuguesa,31,D021_P,Localizar informação explícita.
ESCOLA MUNICIPAL ANTONIO DE FREITAS,MENDES,RIO DE JANEIRO,3º ANO,C:\Users\User1\Downloads\OneDrive_1_02-06-2026 (1)\ESCOLA MUNICIPAL ANTONIO DE FREITAS\Consolidado Saex - 3º ANO.pdf,Língua Portuguesa,15,D012_P,"Identificar efeito de sentido decorrente de recursos gráficos, seleção lexical e repetição."
ESCOLA MUNICIPAL ANTONIO DE FREITAS,MENDES,RIO DE JANEIRO,3º ANO,C:\Users\User1\Downloads\OneDrive_1_02-06-2026 (1)\ESCOLA MUNICIPAL ANTONIO DE FREITAS\Consolidado Saex - 3º ANO.pdf,Língua Portuguesa,15,D023_P,Inferir informações em textos.
ESCOLA MUNICIPAL ANTONIO DE FREITAS,MENDES,RIO DE JANEIRO,3º ANO,C:\Users\User1\Downloads\OneDrive_1_02-06-2026 (1)\ESCOLA MUNICIPAL ANTONIO DE FREITAS\Consolidado Saex - 3º ANO.pdf,Língua Portuguesa,8,D014_P,Identificar variações de sons de grafemas. (Matemática):
ESCOLA MUNICIPAL ANTONIO DE FREITAS,MENDES,RIO DE JANEIRO,3º ANO,C:\Users\User1\Downloads\OneDrive_1_02-06-2026 (1)\ESCOLA MUNICIPAL ANTONIO DE FREITAS\Consolidado Saex - 3º ANO.pdf,Matemática,38,D042_M,Reconhecer características do sistema de numeração decimal.
ESCOLA MUNICIPAL ANTONIO DE FREITAS,MENDES,RIO DE JANEIRO,3º ANO,C:\Users\User1\Downloads\OneDrive_1_02-06-2026 (1)\ESCOLA MUNICIPAL ANTONIO DE FREITAS\Consolidado Saex - 3º ANO.pdf,Matemática,31,D067_M,"Utilizar números naturais, envolvendo diferentes significados da multiplicação ou da divisão, na resolução de problemas."
ESCOLA MUNICIPAL ANTONIO DE FREITAS,MENDES,RIO DE JANEIRO,3º ANO,C:\Users\User1\Downloads\OneDrive_1_02-06-2026 (1)\ESCOLA MUNICIPAL ANTONIO DE FREITAS\Consolidado Saex - 3º ANO.pdf,Matemática,50,D056_M,Utilizar conversão entre unidades de medidas de tempo na resolução de problema.
ESCOLA MUNICIPAL ANTONIO DE FREITAS,MENDES,RIO DE JANEIRO,3º ANO,C:\Users\User1\Downloads\OneDrive_1_02-06-2026 (1)\ESCOLA MUNICIPAL ANTONIO DE FREITAS\Consolidado Saex - 3º ANO.pdf,Matemática,42,D022_M,Identificar a localização ou a movimentação de pessoas ou objetos em uma representação plana do espaço.
ESCOLA MUNICIPAL ANTONIO DE FREITAS,MENDES,RIO DE JANEIRO,3º ANO,C:\Users\User1\Downloads\OneDrive_1_02-06-2026 (1)\ESCOLA MUNICIPAL ANTONIO DE FREITAS\Consolidado Saex - 3º ANO.pdf,Matemática,42,D066_M,"Utilizar números naturais, envolvendo diferentes significados da adição ou da subtração, na resolução de problemas."
ESCOLA MUNICIPAL ANTONIO DE FREITAS,MENDES,RIO DE JANEIRO,3º ANO,C:\Users\User1\Downloads\OneDrive_1_02-06-2026 (1)\ESCOLA MUNICIPAL ANTONIO DE FREITAS\Consolidado Saex - 3º ANO.pdf,Matemática,50,D027_M,Identificar informações a partir de dados dispostos em tabelas.
ESCOLA MUNICIPAL ANTONIO DE FREITAS,MENDES,RIO DE JANEIRO,3º ANO,C:\Users\User1\Downloads\OneDrive_1_02-06-2026 (1)\ESCOLA MUNICIPAL ANTONIO DE FREITAS\Consolidado Saex - 3º ANO.pdf,Matemática,69,D029_M,Identificar números naturais segundo critérios de ordem.
ESCOLA MUNICIPAL ANTONIO DE FREITAS,MENDES,RIO DE JANEIRO,3º ANO,C:\Users\User1\Downloads\OneDrive_1_02-06-2026 (1)\ESCOLA MUNICIPAL ANTONIO DE FREITAS\Consolidado Saex - 3º ANO.pdf,Matemática,65,D017_M,Executar adição ou subtração com números naturais.
ESCOLA MUNICIPAL ANTONIO DE FREITAS,MENDES,RIO DE JANEIRO,3º ANO,C:\Users\User1\Downloads\OneDrive_1_02-06-2026 (1)\ESCOLA MUNICIPAL ANTONIO DE FREITAS\Consolidado Saex - 3º ANO.pdf,Matemática,65,D024_M,Identificar dados apresentados por meio de gráficos.
ESCOLA MUNICIPAL ANTONIO DE FREITAS,MENDES,RIO DE JANEIRO,3º ANO,C:\Users\User1\Downloads\OneDrive_1_02-06-2026 (1)\ESCOLA MUNICIPAL ANTONIO DE FREITAS\Consolidado Saex - 3º ANO.pdf,Matemática,92,D028_M,"Identificar instrumentos utilizados para medir determinadas grandezas (massa, comprimento, capacidade, tempo e temperatura)."
ESCOLA MUNICIPAL ANTONIO DE FREITAS,MENDES,RIO DE JANEIRO,3º ANO,C:\Users\User1\Downloads\OneDrive_1_02-06-2026 (1)\ESCOLA MUNICIPAL ANTONIO DE FREITAS\Consolidado Saex - 3º ANO.pdf,Matemática,92,D033_M,Identificar representações de figuras tridimensionais.
ESCOLA MUNICIPAL ANTONIO DE FREITAS,MENDES,RIO DE JANEIRO,3º ANO,C:\Users\User1\Downloads\OneDrive_1_02-06-2026 (1)\ESCOLA MUNICIPAL ANTONIO DE FREITAS\Consolidado Saex - 3º ANO.pdf,Matemática,69,D032_M,Identificar representações de figuras bidimensionais.
ESCOLA MUNICIPAL ANTONIO DE FREITAS,MENDES,RIO DE JANEIRO,3º ANO,C:\Users\User1\Downloads\OneDrive_1_02-06-2026 (1)\ESCOLA MUNICIPAL ANTONIO DE FREITAS\Consolidado Saex - 3º ANO.pdf,Matemática,65,D005_M,Corresponder cédulas e/ou moedas do Sistema Monetário Brasileiro.
ESCOLA MUNICIPAL ANTONIO DE FREITAS,MENDES,RIO DE JANEIRO,3º ANO,C:\Users\User1\Downloads\OneDrive_1_02-06-2026 (1)\ESCOLA MUNICIPAL ANTONIO DE FREITAS\Consolidado Saex - 3º ANO.pdf,Matemática,62,D023_M,Identificar composições ou decomposições de números naturais.
ESCOLA MUNICIPAL ANTONIO DE FREITAS,MENDES,RIO DE JANEIRO,4º ANO,C:\Users\User1\Downloads\OneDrive_1_02-06-2026 (1)\ESCOLA MUNICIPAL ANTONIO DE FREITAS\Consolidado Saex - 4º ANO.pdf,Língua Portuguesa,86,D006_P,Identificar rimas.
ESCOLA MUNICIPAL ANTONIO DE FREITAS,MENDES,RIO DE JANEIRO,4º ANO,C:\Users\User1\Downloads\OneDrive_1_02-06-2026 (1)\ESCOLA MUNICIPAL ANTONIO DE FREITAS\Consolidado Saex - 4º ANO.pdf,Língua Portuguesa,86,D010_P,Ler palavras formadas por sílabas não canônicas.
ESCOLA MUNICIPAL ANTONIO DE FREITAS,MENDES,RIO DE JANEIRO,4º ANO,C:\Users\User1\Downloads\OneDrive_1_02-06-2026 (1)\ESCOLA MUNICIPAL ANTONIO DE FREITAS\Consolidado Saex - 4º ANO.pdf,Língua Portuguesa,79,D009_P,Ler palavras formadas por sílabas canônicas.
ESCOLA MUNICIPAL ANTONIO DE FREITAS,MENDES,RIO DE JANEIRO,4º ANO,C:\Users\User1\Downloads\OneDrive_1_02-06-2026 (1)\ESCOLA MUNICIPAL ANTONIO DE FREITAS\Consolidado Saex - 4º ANO.pdf,Língua Portuguesa,71,D007_P,Identificar o número de sílabas de uma palavra.
ESCOLA MUNICIPAL ANTONIO DE FREITAS,MENDES,RIO DE JANEIRO,4º ANO,C:\Users\User1\Downloads\OneDrive_1_02-06-2026 (1)\ESCOLA MUNICIPAL ANTONIO DE FREITAS\Consolidado Saex - 4º ANO.pdf,Língua Portuguesa,64,D012_P,"Identificar efeito de sentido decorrente de recursos gráficos, seleção lexical e repetição."
ESCOLA MUNICIPAL ANTONIO DE FREITAS,MENDES,RIO DE JANEIRO,4º ANO,C:\Users\User1\Downloads\OneDrive_1_02-06-2026 (1)\ESCOLA MUNICIPAL ANTONIO DE FREITAS\Consolidado Saex - 4º ANO.pdf,Língua Portuguesa,64,D037_P,"Reconhecer as relações entre partes de um texto, identificando os recursos coesivos que contribuem para a sua continuidade."
ESCOLA MUNICIPAL ANTONIO DE FREITAS,MENDES,RIO DE JANEIRO,4º ANO,C:\Users\User1\Downloads\OneDrive_1_02-06-2026 (1)\ESCOLA MUNICIPAL ANTONIO DE FREITAS\Consolidado Saex - 4º ANO.pdf,Língua Portuguesa,61,D030_P,Reconhecer os elementos que compõem uma narrativa e o conflito gerador.
ESCOLA MUNICIPAL ANTONIO DE FREITAS,MENDES,RIO DE JANEIRO,4º ANO,C:\Users\User1\Downloads\OneDrive_1_02-06-2026 (1)\ESCOLA MUNICIPAL ANTONIO DE FREITAS\Consolidado Saex - 4º ANO.pdf,Língua Portuguesa,57,D021_P,Localizar informação explícita.
ESCOLA MUNICIPAL ANTONIO DE FREITAS,MENDES,RIO DE JANEIRO,4º ANO,C:\Users\User1\Downloads\OneDrive_1_02-06-2026 (1)\ESCOLA MUNICIPAL ANTONIO DE FREITAS\Consolidado Saex - 4º ANO.pdf,Língua Portuguesa,54,D017_P,Reconhecer o gênero de um texto.
ESCOLA MUNICIPAL ANTONIO DE FREITAS,MENDES,RIO DE JANEIRO,4º ANO,C:\Users\User1\Downloads\OneDrive_1_02-06-2026 (1)\ESCOLA MUNICIPAL ANTONIO DE FREITAS\Consolidado Saex - 4º ANO.pdf,Língua Portuguesa,54,D022_P,Inferir o sentido de palavra ou expressão a partir do contexto.
ESCOLA MUNICIPAL ANTONIO DE FREITAS,MENDES,RIO DE JANEIRO,4º ANO,C:\Users\User1\Downloads\OneDrive_1_02-06-2026 (1)\ESCOLA MUNICIPAL ANTONIO DE FREITAS\Consolidado Saex - 4º ANO.pdf,Língua Portuguesa,50,D023_P,Inferir informações em textos.
ESCOLA MUNICIPAL ANTONIO DE FREITAS,MENDES,RIO DE JANEIRO,4º ANO,C:\Users\User1\Downloads\OneDrive_1_02-06-2026 (1)\ESCOLA MUNICIPAL ANTONIO DE FREITAS\Consolidado Saex - 4º ANO.pdf,Língua Portuguesa,46,D028_P,Reconhecer o assunto de um texto lido.
ESCOLA MUNICIPAL ANTONIO DE FREITAS,MENDES,RIO DE JANEIRO,4º ANO,C:\Users\User1\Downloads\OneDrive_1_02-06-2026 (1)\ESCOLA MUNICIPAL ANTONIO DE FREITAS\Consolidado Saex - 4º ANO.pdf,Língua Portuguesa,36,D025_P,Reconhecer efeitos de sentido decorrentes do uso ou função da pontuação e de outras notações.
ESCOLA MUNICIPAL ANTONIO DE FREITAS,MENDES,RIO DE JANEIRO,4º ANO,C:\Users\User1\Downloads\OneDrive_1_02-06-2026 (1)\ESCOLA MUNICIPAL ANTONIO DE FREITAS\Consolidado Saex - 4º ANO.pdf,Língua Portuguesa,29,D016_P,Identificar a finalidade de textos de diferentes gêneros. (Matemática):
ESCOLA MUNICIPAL ANTONIO DE FREITAS,MENDES,RIO DE JANEIRO,4º ANO,C:\Users\User1\Downloads\OneDrive_1_02-06-2026 (1)\ESCOLA MUNICIPAL ANTONIO DE FREITAS\Consolidado Saex - 4º ANO.pdf,Matemática,11,D045_M,Reconhecer horas em relógios digitais e/ou analógicos.
ESCOLA MUNICIPAL ANTONIO DE FREITAS,MENDES,RIO DE JANEIRO,4º ANO,C:\Users\User1\Downloads\OneDrive_1_02-06-2026 (1)\ESCOLA MUNICIPAL ANTONIO DE FREITAS\Consolidado Saex - 4º ANO.pdf,Matemática,7,D028_M,"Identificar instrumentos utilizados para medir determinadas grandezas (massa, comprimento, capacidade, tempo e temperatura)."
ESCOLA MUNICIPAL ANTONIO DE FREITAS,MENDES,RIO DE JANEIRO,4º ANO,C:\Users\User1\Downloads\OneDrive_1_02-06-2026 (1)\ESCOLA MUNICIPAL ANTONIO DE FREITAS\Consolidado Saex - 4º ANO.pdf,Matemática,43,D024_M,Identificar dados apresentados por meio de gráficos.
ESCOLA MUNICIPAL ANTONIO DE FREITAS,MENDES,RIO DE JANEIRO,4º ANO,C:\Users\User1\Downloads\OneDrive_1_02-06-2026 (1)\ESCOLA MUNICIPAL ANTONIO DE FREITAS\Consolidado Saex - 4º ANO.pdf,Matemática,39,D066_M,"Utilizar números naturais, envolvendo diferentes significados da adição ou da subtração, na resolução de problemas."
ESCOLA MUNICIPAL ANTONIO DE FREITAS,MENDES,RIO DE JANEIRO,4º ANO,C:\Users\User1\Downloads\OneDrive_1_02-06-2026 (1)\ESCOLA MUNICIPAL ANTONIO DE FREITAS\Consolidado Saex - 4º ANO.pdf,Matemática,29,D011_M,Corresponder o horário de início e de término com o intervalo de duração de um evento ou acontecimento.
ESCOLA MUNICIPAL ANTONIO DE FREITAS,MENDES,RIO DE JANEIRO,4º ANO,C:\Users\User1\Downloads\OneDrive_1_02-06-2026 (1)\ESCOLA MUNICIPAL ANTONIO DE FREITAS\Consolidado Saex - 4º ANO.pdf,Matemática,46,D007_M,Corresponder números naturais a pontos da reta numérica.
ESCOLA MUNICIPAL ANTONIO DE FREITAS,MENDES,RIO DE JANEIRO,4º ANO,C:\Users\User1\Downloads\OneDrive_1_02-06-2026 (1)\ESCOLA MUNICIPAL ANTONIO DE FREITAS\Consolidado Saex - 4º ANO.pdf,Matemática,57,D017_M,Executar adição ou subtração com números naturais.
ESCOLA MUNICIPAL ANTONIO DE FREITAS,MENDES,RIO DE JANEIRO,4º ANO,C:\Users\User1\Downloads\OneDrive_1_02-06-2026 (1)\ESCOLA MUNICIPAL ANTONIO DE FREITAS\Consolidado Saex - 4º ANO.pdf,Matemática,54,D056_M,Utilizar conversão entre unidades de medidas de tempo na resolução de problema.
ESCOLA MUNICIPAL ANTONIO DE FREITAS,MENDES,RIO DE JANEIRO,4º ANO,C:\Users\User1\Downloads\OneDrive_1_02-06-2026 (1)\ESCOLA MUNICIPAL ANTONIO DE FREITAS\Consolidado Saex - 4º ANO.pdf,Matemática,50,D042_M,Reconhecer características do sistema de numeração decimal.
ESCOLA MUNICIPAL ANTONIO DE FREITAS,MENDES,RIO DE JANEIRO,4º ANO,C:\Users\User1\Downloads\OneDrive_1_02-06-2026 (1)\ESCOLA MUNICIPAL ANTONIO DE FREITAS\Consolidado Saex - 4º ANO.pdf,Matemática,79,D008_M,Corresponder números naturais à sua escrita por extenso.
ESCOLA MUNICIPAL ANTONIO DE FREITAS,MENDES,RIO DE JANEIRO,4º ANO,C:\Users\User1\Downloads\OneDrive_1_02-06-2026 (1)\ESCOLA MUNICIPAL ANTONIO DE FREITAS\Consolidado Saex - 4º ANO.pdf,Matemática,64,D022_M,Identificar a localização ou a movimentação de pessoas ou objetos em uma representação plana do espaço.
ESCOLA MUNICIPAL ANTONIO DE FREITAS,MENDES,RIO DE JANEIRO,4º ANO,C:\Users\User1\Downloads\OneDrive_1_02-06-2026 (1)\ESCOLA MUNICIPAL ANTONIO DE FREITAS\Consolidado Saex - 4º ANO.pdf,Matemática,64,D029_M,Identificar números naturais segundo critérios de ordem.
ESCOLA MUNICIPAL ANTONIO DE FREITAS,MENDES,RIO DE JANEIRO,4º ANO,C:\Users\User1\Downloads\OneDrive_1_02-06-2026 (1)\ESCOLA MUNICIPAL ANTONIO DE FREITAS\Consolidado Saex - 4º ANO.pdf,Matemática,57,D023_M,Identificar composições ou decomposições de números naturais.
ESCOLA MUNICIPAL ANTONIO DE FREITAS,MENDES,RIO DE JANEIRO,4º ANO,C:\Users\User1\Downloads\OneDrive_1_02-06-2026 (1)\ESCOLA MUNICIPAL ANTONIO DE FREITAS\Consolidado Saex - 4º ANO.pdf,Matemática,57,D027_M,Identificar informações a partir de dados dispostos em tabelas.
ESCOLA MUNICIPAL ANTONIO DE FREITAS,MENDES,RIO DE JANEIRO,4º ANO,C:\Users\User1\Downloads\OneDrive_1_02-06-2026 (1)\ESCOLA MUNICIPAL ANTONIO DE FREITAS\Consolidado Saex - 4º ANO.pdf,Matemática,50,D033_M,Identificar representações de figuras tridimensionais.
ESCOLA MUNICIPAL ANTONIO DE FREITAS,MENDES,RIO DE JANEIRO,4º ANO,C:\Users\User1\Downloads\OneDrive_1_02-06-2026 (1)\ESCOLA MUNICIPAL ANTONIO DE FREITAS\Consolidado Saex - 4º ANO.pdf,Matemática,50,D067_M,"Utilizar números naturais, envolvendo diferentes significados da multiplicação ou da divisão, na resolução de problemas."
ESCOLA MUNICIPAL ANTONIO DE FREITAS,MENDES,RIO DE JANEIRO,5º ANO,C:\Users\User1\Downloads\OneDrive_1_02-06-2026 (1)\ESCOLA MUNICIPAL ANTONIO DE FREITAS\Consolidado Saex - 5º ANO.pdf,Língua Portuguesa,85,D017_P,Reconhecer o gênero de um texto.
ESCOLA MUNICIPAL ANTONIO DE FREITAS,MENDES,RIO DE JANEIRO,5º ANO,C:\Users\User1\Downloads\OneDrive_1_02-06-2026 (1)\ESCOLA MUNICIPAL ANTONIO DE FREITAS\Consolidado Saex - 5º ANO.pdf,Língua Portuguesa,77,D012_P,"Identificar efeito de sentido decorrente de recursos gráficos, seleção lexical e repetição."
ESCOLA MUNICIPAL ANTONIO DE FREITAS,MENDES,RIO DE JANEIRO,5º ANO,C:\Users\User1\Downloads\OneDrive_1_02-06-2026 (1)\ESCOLA MUNICIPAL ANTONIO DE FREITAS\Consolidado Saex - 5º ANO.pdf,Língua Portuguesa,77,D057_P,Interpretar textos que articulam elementos verbais e não verbais.
ESCOLA MUNICIPAL ANTONIO DE FREITAS,MENDES,RIO DE JANEIRO,5º ANO,C:\Users\User1\Downloads\OneDrive_1_02-06-2026 (1)\ESCOLA MUNICIPAL ANTONIO DE FREITAS\Consolidado Saex - 5º ANO.pdf,Língua Portuguesa,69,D023_P,Inferir informações em textos.
ESCOLA MUNICIPAL ANTONIO DE FREITAS,MENDES,RIO DE JANEIRO,5º ANO,C:\Users\User1\Downloads\OneDrive_1_02-06-2026 (1)\ESCOLA MUNICIPAL ANTONIO DE FREITAS\Consolidado Saex - 5º ANO.pdf,Língua Portuguesa,64,D030_P,Reconhecer os elementos que compõem uma narrativa e o conflito gerador.
ESCOLA MUNICIPAL ANTONIO DE FREITAS,MENDES,RIO DE JANEIRO,5º ANO,C:\Users\User1\Downloads\OneDrive_1_02-06-2026 (1)\ESCOLA MUNICIPAL ANTONIO DE FREITAS\Consolidado Saex - 5º ANO.pdf,Língua Portuguesa,62,D022_P,Inferir o sentido de palavra ou expressão a partir do contexto.
ESCOLA MUNICIPAL ANTONIO DE FREITAS,MENDES,RIO DE JANEIRO,5º ANO,C:\Users\User1\Downloads\OneDrive_1_02-06-2026 (1)\ESCOLA MUNICIPAL ANTONIO DE FREITAS\Consolidado Saex - 5º ANO.pdf,Língua Portuguesa,62,D021_P,Localizar informação explícita.
ESCOLA MUNICIPAL ANTONIO DE FREITAS,MENDES,RIO DE JANEIRO,5º ANO,C:\Users\User1\Downloads\OneDrive_1_02-06-2026 (1)\ESCOLA MUNICIPAL ANTONIO DE FREITAS\Consolidado Saex - 5º ANO.pdf,Língua Portuguesa,58,D037_P,"Reconhecer as relações entre partes de um texto, identificando os recursos coesivos que contribuem para a sua continuidade."
ESCOLA MUNICIPAL ANTONIO DE FREITAS,MENDES,RIO DE JANEIRO,5º ANO,C:\Users\User1\Downloads\OneDrive_1_02-06-2026 (1)\ESCOLA MUNICIPAL ANTONIO DE FREITAS\Consolidado Saex - 5º ANO.pdf,Língua Portuguesa,50,D016_P,Identificar a finalidade de textos de diferentes gêneros.
ESCOLA MUNICIPAL ANTONIO DE FREITAS,MENDES,RIO DE JANEIRO,5º ANO,C:\Users\User1\Downloads\OneDrive_1_02-06-2026 (1)\ESCOLA MUNICIPAL ANTONIO DE FREITAS\Consolidado Saex - 5º ANO.pdf,Língua Portuguesa,31,D039_P,Reconhecer o sentido das relações lógico-discursivas em um texto.
ESCOLA MUNICIPAL ANTONIO DE FREITAS,MENDES,RIO DE JANEIRO,5º ANO,C:\Users\User1\Downloads\OneDrive_1_02-06-2026 (1)\ESCOLA MUNICIPAL ANTONIO DE FREITAS\Consolidado Saex - 5º ANO.pdf,Língua Portuguesa,31,D028_P,Reconhecer o assunto de um texto lido. (Matemática):
ESCOLA MUNICIPAL ANTONIO DE FREITAS,MENDES,RIO DE JANEIRO,5º ANO,C:\Users\User1\Downloads\OneDrive_1_02-06-2026 (1)\ESCOLA MUNICIPAL ANTONIO DE FREITAS\Consolidado Saex - 5º ANO.pdf,Matemática,85,D033_M,Identificar representações de figuras tridimensionais.
ESCOLA MUNICIPAL ANTONIO DE FREITAS,MENDES,RIO DE JANEIRO,5º ANO,C:\Users\User1\Downloads\OneDrive_1_02-06-2026 (1)\ESCOLA MUNICIPAL ANTONIO DE FREITAS\Consolidado Saex - 5º ANO.pdf,Matemática,100,D022_M,Identificar a localização ou a movimentação de pessoas ou objetos em uma representação plana do espaço.
ESCOLA MUNICIPAL ANTONIO DE FREITAS,MENDES,RIO DE JANEIRO,5º ANO,C:\Users\User1\Downloads\OneDrive_1_02-06-2026 (1)\ESCOLA MUNICIPAL ANTONIO DE FREITAS\Consolidado Saex - 5º ANO.pdf,Matemática,85,D008_M,Corresponder números naturais à sua escrita por extenso.
ESCOLA MUNICIPAL ANTONIO DE FREITAS,MENDES,RIO DE JANEIRO,5º ANO,C:\Users\User1\Downloads\OneDrive_1_02-06-2026 (1)\ESCOLA MUNICIPAL ANTONIO DE FREITAS\Consolidado Saex - 5º ANO.pdf,Matemática,23,D080_M,Utilizar perímetro de figuras bidimensionais na resolução de problema.
ESCOLA MUNICIPAL ANTONIO DE FREITAS,MENDES,RIO DE JANEIRO,5º ANO,C:\Users\User1\Downloads\OneDrive_1_02-06-2026 (1)\ESCOLA MUNICIPAL ANTONIO DE FREITAS\Consolidado Saex - 5º ANO.pdf,Matemática,15,D026_M,Identificar frações equivalentes.
ESCOLA MUNICIPAL ANTONIO DE FREITAS,MENDES,RIO DE JANEIRO,5º ANO,C:\Users\User1\Downloads\OneDrive_1_02-06-2026 (1)\ESCOLA MUNICIPAL ANTONIO DE FREITAS\Consolidado Saex - 5º ANO.pdf,Matemática,31,D010_M,Corresponder números racionais na representação decimal à sua escrita por extenso.
ESCOLA MUNICIPAL ANTONIO DE FREITAS,MENDES,RIO DE JANEIRO,5º ANO,C:\Users\User1\Downloads\OneDrive_1_02-06-2026 (1)\ESCOLA MUNICIPAL ANTONIO DE FREITAS\Consolidado Saex - 5º ANO.pdf,Matemática,27,D031_M,"Identificar polígonos de acordo com as características dos seus lados, vértices e ângulos internos."
ESCOLA MUNICIPAL ANTONIO DE FREITAS,MENDES,RIO DE JANEIRO,5º ANO,C:\Users\User1\Downloads\OneDrive_1_02-06-2026 (1)\ESCOLA MUNICIPAL ANTONIO DE FREITAS\Consolidado Saex - 5º ANO.pdf,Matemática,23,D055_M,"Utilizar conversão entre unidades de medida, na resolução de problema."
ESCOLA MUNICIPAL ANTONIO DE FREITAS,MENDES,RIO DE JANEIRO,5º ANO,C:\Users\User1\Downloads\OneDrive_1_02-06-2026 (1)\ESCOLA MUNICIPAL ANTONIO DE FREITAS\Consolidado Saex - 5º ANO.pdf,Matemática,31,D037_M,"Identificar uma sequência crescente ou decrescente, dentre uma coleção de sequências de números naturais."
ESCOLA MUNICIPAL ANTONIO DE FREITAS,MENDES,RIO DE JANEIRO,5º ANO,C:\Users\User1\Downloads\OneDrive_1_02-06-2026 (1)\ESCOLA MUNICIPAL ANTONIO DE FREITAS\Consolidado Saex - 5º ANO.pdf,Matemática,38,D065_M,"Utilizar números naturais e racionais, envolvendo diferentes significados da adição ou da subtração, na resolução de problemas."
ESCOLA MUNICIPAL ANTONIO DE FREITAS,MENDES,RIO DE JANEIRO,5º ANO,C:\Users\User1\Downloads\OneDrive_1_02-06-2026 (1)\ESCOLA MUNICIPAL ANTONIO DE FREITAS\Consolidado Saex - 5º ANO.pdf,Matemática,38,D009_M,Corresponder números racionais a pontos da reta numérica.
ESCOLA MUNICIPAL ANTONIO DE FREITAS,MENDES,RIO DE JANEIRO,5º ANO,C:\Users\User1\Downloads\OneDrive_1_02-06-2026 (1)\ESCOLA MUNICIPAL ANTONIO DE FREITAS\Consolidado Saex - 5º ANO.pdf,Matemática,35,D045_M,Reconhecer horas em relógios digitais e/ou analógicos.
ESCOLA MUNICIPAL ANTONIO DE FREITAS,MENDES,RIO DE JANEIRO,5º ANO,C:\Users\User1\Downloads\OneDrive_1_02-06-2026 (1)\ESCOLA MUNICIPAL ANTONIO DE FREITAS\Consolidado Saex - 5º ANO.pdf,Matemática,77,D012_M,Corresponder objetos em uma representação plana do espaço à sua localização descrita por meio de um par ordenado.
ESCOLA MUNICIPAL ANTONIO DE FREITAS,MENDES,RIO DE JANEIRO,5º ANO,C:\Users\User1\Downloads\OneDrive_1_02-06-2026 (1)\ESCOLA MUNICIPAL ANTONIO DE FREITAS\Consolidado Saex - 5º ANO.pdf,Matemática,77,D066_M,"Utilizar números naturais, envolvendo diferentes significados da adição ou da subtração, na resolução de problemas."
ESCOLA MUNICIPAL ANTONIO DE FREITAS,MENDES,RIO DE JANEIRO,5º ANO,C:\Users\User1\Downloads\OneDrive_1_02-06-2026 (1)\ESCOLA MUNICIPAL ANTONIO DE FREITAS\Consolidado Saex - 5º ANO.pdf,Matemática,54,D042_M,Reconhecer características do sistema de numeração decimal.
ESCOLA MUNICIPAL ANTONIO DE FREITAS,MENDES,RIO DE JANEIRO,5º ANO,C:\Users\User1\Downloads\OneDrive_1_02-06-2026 (1)\ESCOLA MUNICIPAL ANTONIO DE FREITAS\Consolidado Saex - 5º ANO.pdf,Matemática,46,D044_M,Reconhecer fração como representação associada a diferentes significados.
ESCOLA MUNICIPAL ANTONIO DE FREITAS,MENDES,RIO DE JANEIRO,5º ANO,C:\Users\User1\Downloads\OneDrive_1_02-06-2026 (1)\ESCOLA MUNICIPAL ANTONIO DE FREITAS\Consolidado Saex - 5º ANO.pdf,Matemática,38,D015_M,Determinar o número desconhecido que torna verdadeira uma igualdade matemática envolvendo representação simbólica.
ESCOLA MUNICIPAL ANTONIO DE FREITAS,MENDES,RIO DE JANEIRO,5º ANO,C:\Users\User1\Downloads\OneDrive_1_02-06-2026 (1)\ESCOLA MUNICIPAL ANTONIO DE FREITAS\Consolidado Saex - 5º ANO.pdf,Matemática,31,D011_M,Corresponder o horário de início e de término com o intervalo de duração de um evento ou acontecimento.
ESCOLA MUNICIPAL ANTONIO DE FREITAS,MENDES,RIO DE JANEIRO,5º ANO,C:\Users\User1\Downloads\OneDrive_1_02-06-2026 (1)\ESCOLA MUNICIPAL ANTONIO DE FREITAS\Consolidado Saex - 5º ANO.pdf,Matemática,31,D007_M,Corresponder números naturais a pontos da reta numérica.
ESCOLA MUNICIPAL HILDA BRAGA,MENDES,RIO DE JANEIRO,2º ANO,C:\Users\User1\Downloads\OneDrive_1_02-06-2026 (1)\ESCOLA MUNICIPAL HILDA BRAGA\Consolidado Saex - 2º ANO.pdf,Língua Portuguesa,100,D010_P,Ler palavras formadas por sílabas não canônicas.
ESCOLA MUNICIPAL HILDA BRAGA,MENDES,RIO DE JANEIRO,2º ANO,C:\Users\User1\Downloads\OneDrive_1_02-06-2026 (1)\ESCOLA MUNICIPAL HILDA BRAGA\Consolidado Saex - 2º ANO.pdf,Língua Portuguesa,94,D007_P,Identificar o número de sílabas de uma palavra.
ESCOLA MUNICIPAL HILDA BRAGA,MENDES,RIO DE JANEIRO,2º ANO,C:\Users\User1\Downloads\OneDrive_1_02-06-2026 (1)\ESCOLA MUNICIPAL HILDA BRAGA\Consolidado Saex - 2º ANO.pdf,Língua Portuguesa,83,D009_P,Ler palavras formadas por sílabas canônicas.
ESCOLA MUNICIPAL HILDA BRAGA,MENDES,RIO DE JANEIRO,2º ANO,C:\Users\User1\Downloads\OneDrive_1_02-06-2026 (1)\ESCOLA MUNICIPAL HILDA BRAGA\Consolidado Saex - 2º ANO.pdf,Língua Portuguesa,83,D002_P,Reconhecer as letras do alfabeto.
ESCOLA MUNICIPAL HILDA BRAGA,MENDES,RIO DE JANEIRO,2º ANO,C:\Users\User1\Downloads\OneDrive_1_02-06-2026 (1)\ESCOLA MUNICIPAL HILDA BRAGA\Consolidado Saex - 2º ANO.pdf,Língua Portuguesa,72,D017_P,Reconhecer o gênero de um texto.
ESCOLA MUNICIPAL HILDA BRAGA,MENDES,RIO DE JANEIRO,2º ANO,C:\Users\User1\Downloads\OneDrive_1_02-06-2026 (1)\ESCOLA MUNICIPAL HILDA BRAGA\Consolidado Saex - 2º ANO.pdf,Língua Portuguesa,67,D014_P,Identificar variações de sons de grafemas.
ESCOLA MUNICIPAL HILDA BRAGA,MENDES,RIO DE JANEIRO,2º ANO,C:\Users\User1\Downloads\OneDrive_1_02-06-2026 (1)\ESCOLA MUNICIPAL HILDA BRAGA\Consolidado Saex - 2º ANO.pdf,Língua Portuguesa,64,D005_P,Identificar a unidade palavra em frases.
ESCOLA MUNICIPAL HILDA BRAGA,MENDES,RIO DE JANEIRO,2º ANO,C:\Users\User1\Downloads\OneDrive_1_02-06-2026 (1)\ESCOLA MUNICIPAL HILDA BRAGA\Consolidado Saex - 2º ANO.pdf,Língua Portuguesa,61,D008_P,Identificar sílabas de uma palavra.
ESCOLA MUNICIPAL HILDA BRAGA,MENDES,RIO DE JANEIRO,2º ANO,C:\Users\User1\Downloads\OneDrive_1_02-06-2026 (1)\ESCOLA MUNICIPAL HILDA BRAGA\Consolidado Saex - 2º ANO.pdf,Língua Portuguesa,58,D016_P,Identificar a finalidade de textos de diferentes gêneros.
ESCOLA MUNICIPAL HILDA BRAGA,MENDES,RIO DE JANEIRO,2º ANO,C:\Users\User1\Downloads\OneDrive_1_02-06-2026 (1)\ESCOLA MUNICIPAL HILDA BRAGA\Consolidado Saex - 2º ANO.pdf,Língua Portuguesa,58,D003_P,Reconhecer as diferentes formas de grafar uma mesma letra ou palavra.
ESCOLA MUNICIPAL HILDA BRAGA,MENDES,RIO DE JANEIRO,2º ANO,C:\Users\User1\Downloads\OneDrive_1_02-06-2026 (1)\ESCOLA MUNICIPAL HILDA BRAGA\Consolidado Saex - 2º ANO.pdf,Língua Portuguesa,47,D006_P,Identificar rimas.
ESCOLA MUNICIPAL HILDA BRAGA,MENDES,RIO DE JANEIRO,2º ANO,C:\Users\User1\Downloads\OneDrive_1_02-06-2026 (1)\ESCOLA MUNICIPAL HILDA BRAGA\Consolidado Saex - 2º ANO.pdf,Língua Portuguesa,39,D023_P,Inferir informações em textos.
ESCOLA MUNICIPAL HILDA BRAGA,MENDES,RIO DE JANEIRO,2º ANO,C:\Users\User1\Downloads\OneDrive_1_02-06-2026 (1)\ESCOLA MUNICIPAL HILDA BRAGA\Consolidado Saex - 2º ANO.pdf,Língua Portuguesa,33,D013_P,Reconhecer o local de inserção de determinada palavra numa sequência em ordem alfabética. (Matemática):
ESCOLA MUNICIPAL HILDA BRAGA,MENDES,RIO DE JANEIRO,2º ANO,C:\Users\User1\Downloads\OneDrive_1_02-06-2026 (1)\ESCOLA MUNICIPAL HILDA BRAGA\Consolidado Saex - 2º ANO.pdf,Matemática,100,D033_M,Identificar representações de figuras tridimensionais.
ESCOLA MUNICIPAL HILDA BRAGA,MENDES,RIO DE JANEIRO,2º ANO,C:\Users\User1\Downloads\OneDrive_1_02-06-2026 (1)\ESCOLA MUNICIPAL HILDA BRAGA\Consolidado Saex - 2º ANO.pdf,Matemática,25,D022_M,Identificar a localização ou a movimentação de pessoas ou objetos em uma representação plana do espaço.
ESCOLA MUNICIPAL HILDA BRAGA,MENDES,RIO DE JANEIRO,2º ANO,C:\Users\User1\Downloads\OneDrive_1_02-06-2026 (1)\ESCOLA MUNICIPAL HILDA BRAGA\Consolidado Saex - 2º ANO.pdf,Matemática,75,D027_M,Identificar informações a partir de dados dispostos em tabelas.
ESCOLA MUNICIPAL HILDA BRAGA,MENDES,RIO DE JANEIRO,2º ANO,C:\Users\User1\Downloads\OneDrive_1_02-06-2026 (1)\ESCOLA MUNICIPAL HILDA BRAGA\Consolidado Saex - 2º ANO.pdf,Matemática,75,D004_M,Comparar ou ordenar quantidades pela contagem.
ESCOLA MUNICIPAL HILDA BRAGA,MENDES,RIO DE JANEIRO,2º ANO,C:\Users\User1\Downloads\OneDrive_1_02-06-2026 (1)\ESCOLA MUNICIPAL HILDA BRAGA\Consolidado Saex - 2º ANO.pdf,Matemática,72,D066_M,"Utilizar números naturais, envolvendo diferentes significados da adição ou da subtração, na resolução de problemas."
ESCOLA MUNICIPAL HILDA BRAGA,MENDES,RIO DE JANEIRO,2º ANO,C:\Users\User1\Downloads\OneDrive_1_02-06-2026 (1)\ESCOLA MUNICIPAL HILDA BRAGA\Consolidado Saex - 2º ANO.pdf,Matemática,97,D032_M,Identificar representações de figuras bidimensionais.
ESCOLA MUNICIPAL HILDA BRAGA,MENDES,RIO DE JANEIRO,2º ANO,C:\Users\User1\Downloads\OneDrive_1_02-06-2026 (1)\ESCOLA MUNICIPAL HILDA BRAGA\Consolidado Saex - 2º ANO.pdf,Matemática,89,D016_M,Executar a contagem de um grupo de objetos/pessoas/animais.
ESCOLA MUNICIPAL HILDA BRAGA,MENDES,RIO DE JANEIRO,2º ANO,C:\Users\User1\Downloads\OneDrive_1_02-06-2026 (1)\ESCOLA MUNICIPAL HILDA BRAGA\Consolidado Saex - 2º ANO.pdf,Matemática,89,D003_M,"Comparar ou ordenar o objeto/pessoa/animal por meio dos atributos de comprimento, altura, espessura e tamanho."
ESCOLA MUNICIPAL HILDA BRAGA,MENDES,RIO DE JANEIRO,2º ANO,C:\Users\User1\Downloads\OneDrive_1_02-06-2026 (1)\ESCOLA MUNICIPAL HILDA BRAGA\Consolidado Saex - 2º ANO.pdf,Matemática,89,D005_M,Corresponder cédulas e/ou moedas do Sistema Monetário Brasileiro.
ESCOLA MUNICIPAL HILDA BRAGA,MENDES,RIO DE JANEIRO,2º ANO,C:\Users\User1\Downloads\OneDrive_1_02-06-2026 (1)\ESCOLA MUNICIPAL HILDA BRAGA\Consolidado Saex - 2º ANO.pdf,Matemática,86,D029_M,Identificar números naturais segundo critérios de ordem.
ESCOLA MUNICIPAL HILDA BRAGA,MENDES,RIO DE JANEIRO,2º ANO,C:\Users\User1\Downloads\OneDrive_1_02-06-2026 (1)\ESCOLA MUNICIPAL HILDA BRAGA\Consolidado Saex - 2º ANO.pdf,Matemática,61,D017_M,Executar adição ou subtração com números naturais.
ESCOLA MUNICIPAL HILDA BRAGA,MENDES,RIO DE JANEIRO,2º ANO,C:\Users\User1\Downloads\OneDrive_1_02-06-2026 (1)\ESCOLA MUNICIPAL HILDA BRAGA\Consolidado Saex - 2º ANO.pdf,Matemática,39,D056_M,Utilizar conversão entre unidades de medidas de tempo na resolução de problema.
ESCOLA MUNICIPAL HILDA BRAGA,MENDES,RIO DE JANEIRO,3º ANO,C:\Users\User1\Downloads\OneDrive_1_02-06-2026 (1)\ESCOLA MUNICIPAL HILDA BRAGA\Consolidado Saex - 3º ANO.pdf,Língua Portuguesa,97,D009_P,Ler palavras formadas por sílabas canônicas.
ESCOLA MUNICIPAL HILDA BRAGA,MENDES,RIO DE JANEIRO,3º ANO,C:\Users\User1\Downloads\OneDrive_1_02-06-2026 (1)\ESCOLA MUNICIPAL HILDA BRAGA\Consolidado Saex - 3º ANO.pdf,Língua Portuguesa,95,D007_P,Identificar o número de sílabas de uma palavra.
ESCOLA MUNICIPAL HILDA BRAGA,MENDES,RIO DE JANEIRO,3º ANO,C:\Users\User1\Downloads\OneDrive_1_02-06-2026 (1)\ESCOLA MUNICIPAL HILDA BRAGA\Consolidado Saex - 3º ANO.pdf,Língua Portuguesa,95,D030_P,Reconhecer os elementos que compõem uma narrativa e o conflito gerador.
ESCOLA MUNICIPAL HILDA BRAGA,MENDES,RIO DE JANEIRO,3º ANO,C:\Users\User1\Downloads\OneDrive_1_02-06-2026 (1)\ESCOLA MUNICIPAL HILDA BRAGA\Consolidado Saex - 3º ANO.pdf,Língua Portuguesa,89,D010_P,Ler palavras formadas por sílabas não canônicas.
ESCOLA MUNICIPAL HILDA BRAGA,MENDES,RIO DE JANEIRO,3º ANO,C:\Users\User1\Downloads\OneDrive_1_02-06-2026 (1)\ESCOLA MUNICIPAL HILDA BRAGA\Consolidado Saex - 3º ANO.pdf,Língua Portuguesa,89,D003_P,Reconhecer as diferentes formas de grafar uma mesma letra ou palavra.
ESCOLA MUNICIPAL HILDA BRAGA,MENDES,RIO DE JANEIRO,3º ANO,C:\Users\User1\Downloads\OneDrive_1_02-06-2026 (1)\ESCOLA MUNICIPAL HILDA BRAGA\Consolidado Saex - 3º ANO.pdf,Língua Portuguesa,84,D015_P,Ler frases.
ESCOLA MUNICIPAL HILDA BRAGA,MENDES,RIO DE JANEIRO,3º ANO,C:\Users\User1\Downloads\OneDrive_1_02-06-2026 (1)\ESCOLA MUNICIPAL HILDA BRAGA\Consolidado Saex - 3º ANO.pdf,Língua Portuguesa,84,D008_P,Identificar sílabas de uma palavra.
ESCOLA MUNICIPAL HILDA BRAGA,MENDES,RIO DE JANEIRO,3º ANO,C:\Users\User1\Downloads\OneDrive_1_02-06-2026 (1)\ESCOLA MUNICIPAL HILDA BRAGA\Consolidado Saex - 3º ANO.pdf,Língua Portuguesa,76,D005_P,Identificar a unidade palavra em frases.
ESCOLA MUNICIPAL HILDA BRAGA,MENDES,RIO DE JANEIRO,3º ANO,C:\Users\User1\Downloads\OneDrive_1_02-06-2026 (1)\ESCOLA MUNICIPAL HILDA BRAGA\Consolidado Saex - 3º ANO.pdf,Língua Portuguesa,74,D017_P,Reconhecer o gênero de um texto.
ESCOLA MUNICIPAL HILDA BRAGA,MENDES,RIO DE JANEIRO,3º ANO,C:\Users\User1\Downloads\OneDrive_1_02-06-2026 (1)\ESCOLA MUNICIPAL HILDA BRAGA\Consolidado Saex - 3º ANO.pdf,Língua Portuguesa,74,D012_P,"Identificar efeito de sentido decorrente de recursos gráficos, seleção lexical e repetição."
ESCOLA MUNICIPAL HILDA BRAGA,MENDES,RIO DE JANEIRO,3º ANO,C:\Users\User1\Downloads\OneDrive_1_02-06-2026 (1)\ESCOLA MUNICIPAL HILDA BRAGA\Consolidado Saex - 3º ANO.pdf,Língua Portuguesa,68,D016_P,Identificar a finalidade de textos de diferentes gêneros.
ESCOLA MUNICIPAL HILDA BRAGA,MENDES,RIO DE JANEIRO,3º ANO,C:\Users\User1\Downloads\OneDrive_1_02-06-2026 (1)\ESCOLA MUNICIPAL HILDA BRAGA\Consolidado Saex - 3º ANO.pdf,Língua Portuguesa,66,D021_P,Localizar informação explícita.
ESCOLA MUNICIPAL HILDA BRAGA,MENDES,RIO DE JANEIRO,3º ANO,C:\Users\User1\Downloads\OneDrive_1_02-06-2026 (1)\ESCOLA MUNICIPAL HILDA BRAGA\Consolidado Saex - 3º ANO.pdf,Língua Portuguesa,53,D006_P,Identificar rimas.
ESCOLA MUNICIPAL HILDA BRAGA,MENDES,RIO DE JANEIRO,3º ANO,C:\Users\User1\Downloads\OneDrive_1_02-06-2026 (1)\ESCOLA MUNICIPAL HILDA BRAGA\Consolidado Saex - 3º ANO.pdf,Língua Portuguesa,42,D028_P,Reconhecer o assunto de um texto lido.
ESCOLA MUNICIPAL HILDA BRAGA,MENDES,RIO DE JANEIRO,3º ANO,C:\Users\User1\Downloads\OneDrive_1_02-06-2026 (1)\ESCOLA MUNICIPAL HILDA BRAGA\Consolidado Saex - 3º ANO.pdf,Língua Portuguesa,42,D023_P,Inferir informações em textos.
ESCOLA MUNICIPAL HILDA BRAGA,MENDES,RIO DE JANEIRO,3º ANO,C:\Users\User1\Downloads\OneDrive_1_02-06-2026 (1)\ESCOLA MUNICIPAL HILDA BRAGA\Consolidado Saex - 3º ANO.pdf,Língua Portuguesa,32,D014_P,Identificar variações de sons de grafemas. (Matemática):
ESCOLA MUNICIPAL HILDA BRAGA,MENDES,RIO DE JANEIRO,3º ANO,C:\Users\User1\Downloads\OneDrive_1_02-06-2026 (1)\ESCOLA MUNICIPAL HILDA BRAGA\Consolidado Saex - 3º ANO.pdf,Matemática,50,D066_M,"Utilizar números naturais, envolvendo diferentes significados da adição ou da subtração, na resolução de problemas."
ESCOLA MUNICIPAL HILDA BRAGA,MENDES,RIO DE JANEIRO,3º ANO,C:\Users\User1\Downloads\OneDrive_1_02-06-2026 (1)\ESCOLA MUNICIPAL HILDA BRAGA\Consolidado Saex - 3º ANO.pdf,Matemática,50,D056_M,Utilizar conversão entre unidades de medidas de tempo na resolução de problema.
ESCOLA MUNICIPAL HILDA BRAGA,MENDES,RIO DE JANEIRO,3º ANO,C:\Users\User1\Downloads\OneDrive_1_02-06-2026 (1)\ESCOLA MUNICIPAL HILDA BRAGA\Consolidado Saex - 3º ANO.pdf,Matemática,58,D033_M,Identificar representações de figuras tridimensionais.
ESCOLA MUNICIPAL HILDA BRAGA,MENDES,RIO DE JANEIRO,3º ANO,C:\Users\User1\Downloads\OneDrive_1_02-06-2026 (1)\ESCOLA MUNICIPAL HILDA BRAGA\Consolidado Saex - 3º ANO.pdf,Matemática,58,D023_M,Identificar composições ou decomposições de números naturais.
ESCOLA MUNICIPAL HILDA BRAGA,MENDES,RIO DE JANEIRO,3º ANO,C:\Users\User1\Downloads\OneDrive_1_02-06-2026 (1)\ESCOLA MUNICIPAL HILDA BRAGA\Consolidado Saex - 3º ANO.pdf,Matemática,53,D067_M,"Utilizar números naturais, envolvendo diferentes significados da multiplicação ou da divisão, na resolução de problemas."
ESCOLA MUNICIPAL HILDA BRAGA,MENDES,RIO DE JANEIRO,3º ANO,C:\Users\User1\Downloads\OneDrive_1_02-06-2026 (1)\ESCOLA MUNICIPAL HILDA BRAGA\Consolidado Saex - 3º ANO.pdf,Matemática,63,D042_M,Reconhecer características do sistema de numeração decimal.
ESCOLA MUNICIPAL HILDA BRAGA,MENDES,RIO DE JANEIRO,3º ANO,C:\Users\User1\Downloads\OneDrive_1_02-06-2026 (1)\ESCOLA MUNICIPAL HILDA BRAGA\Consolidado Saex - 3º ANO.pdf,Matemática,87,D032_M,Identificar representações de figuras bidimensionais.
ESCOLA MUNICIPAL HILDA BRAGA,MENDES,RIO DE JANEIRO,3º ANO,C:\Users\User1\Downloads\OneDrive_1_02-06-2026 (1)\ESCOLA MUNICIPAL HILDA BRAGA\Consolidado Saex - 3º ANO.pdf,Matemática,79,D005_M,Corresponder cédulas e/ou moedas do Sistema Monetário Brasileiro.
ESCOLA MUNICIPAL HILDA BRAGA,MENDES,RIO DE JANEIRO,3º ANO,C:\Users\User1\Downloads\OneDrive_1_02-06-2026 (1)\ESCOLA MUNICIPAL HILDA BRAGA\Consolidado Saex - 3º ANO.pdf,Matemática,71,D022_M,Identificar a localização ou a movimentação de pessoas ou objetos em uma representação plana do espaço.
ESCOLA MUNICIPAL HILDA BRAGA,MENDES,RIO DE JANEIRO,3º ANO,C:\Users\User1\Downloads\OneDrive_1_02-06-2026 (1)\ESCOLA MUNICIPAL HILDA BRAGA\Consolidado Saex - 3º ANO.pdf,Matemática,89,D024_M,Identificar dados apresentados por meio de gráficos.
ESCOLA MUNICIPAL HILDA BRAGA,MENDES,RIO DE JANEIRO,3º ANO,C:\Users\User1\Downloads\OneDrive_1_02-06-2026 (1)\ESCOLA MUNICIPAL HILDA BRAGA\Consolidado Saex - 3º ANO.pdf,Matemática,89,D028_M,"Identificar instrumentos utilizados para medir determinadas grandezas (massa, comprimento, capacidade, tempo e temperatura)."
ESCOLA MUNICIPAL HILDA BRAGA,MENDES,RIO DE JANEIRO,3º ANO,C:\Users\User1\Downloads\OneDrive_1_02-06-2026 (1)\ESCOLA MUNICIPAL HILDA BRAGA\Consolidado Saex - 3º ANO.pdf,Matemática,87,D027_M,Identificar informações a partir de dados dispostos em tabelas.
ESCOLA MUNICIPAL HILDA BRAGA,MENDES,RIO DE JANEIRO,3º ANO,C:\Users\User1\Downloads\OneDrive_1_02-06-2026 (1)\ESCOLA MUNICIPAL HILDA BRAGA\Consolidado Saex - 3º ANO.pdf,Matemática,68,D029_M,Identificar números naturais segundo critérios de ordem.
ESCOLA MUNICIPAL HILDA BRAGA,MENDES,RIO DE JANEIRO,3º ANO,C:\Users\User1\Downloads\OneDrive_1_02-06-2026 (1)\ESCOLA MUNICIPAL HILDA BRAGA\Consolidado Saex - 3º ANO.pdf,Matemática,63,D017_M,Executar adição ou subtração com números naturais.
ESCOLA MUNICIPAL HILDA BRAGA,MENDES,RIO DE JANEIRO,4º ANO,C:\Users\User1\Downloads\OneDrive_1_02-06-2026 (1)\ESCOLA MUNICIPAL HILDA BRAGA\Consolidado Saex - 4º ANO.pdf,Língua Portuguesa,100,D006_P,Identificar rimas.
ESCOLA MUNICIPAL HILDA BRAGA,MENDES,RIO DE JANEIRO,4º ANO,C:\Users\User1\Downloads\OneDrive_1_02-06-2026 (1)\ESCOLA MUNICIPAL HILDA BRAGA\Consolidado Saex - 4º ANO.pdf,Língua Portuguesa,100,D007_P,Identificar o número de sílabas de uma palavra.
ESCOLA MUNICIPAL HILDA BRAGA,MENDES,RIO DE JANEIRO,4º ANO,C:\Users\User1\Downloads\OneDrive_1_02-06-2026 (1)\ESCOLA MUNICIPAL HILDA BRAGA\Consolidado Saex - 4º ANO.pdf,Língua Portuguesa,100,D009_P,Ler palavras formadas por sílabas canônicas.
ESCOLA MUNICIPAL HILDA BRAGA,MENDES,RIO DE JANEIRO,4º ANO,C:\Users\User1\Downloads\OneDrive_1_02-06-2026 (1)\ESCOLA MUNICIPAL HILDA BRAGA\Consolidado Saex - 4º ANO.pdf,Língua Portuguesa,100,D010_P,Ler palavras formadas por sílabas não canônicas.
ESCOLA MUNICIPAL HILDA BRAGA,MENDES,RIO DE JANEIRO,4º ANO,C:\Users\User1\Downloads\OneDrive_1_02-06-2026 (1)\ESCOLA MUNICIPAL HILDA BRAGA\Consolidado Saex - 4º ANO.pdf,Língua Portuguesa,100,D017_P,Reconhecer o gênero de um texto.
ESCOLA MUNICIPAL HILDA BRAGA,MENDES,RIO DE JANEIRO,4º ANO,C:\Users\User1\Downloads\OneDrive_1_02-06-2026 (1)\ESCOLA MUNICIPAL HILDA BRAGA\Consolidado Saex - 4º ANO.pdf,Língua Portuguesa,95,D028_P,Reconhecer o assunto de um texto lido.
ESCOLA MUNICIPAL HILDA BRAGA,MENDES,RIO DE JANEIRO,4º ANO,C:\Users\User1\Downloads\OneDrive_1_02-06-2026 (1)\ESCOLA MUNICIPAL HILDA BRAGA\Consolidado Saex - 4º ANO.pdf,Língua Portuguesa,91,D037_P,"Reconhecer as relações entre partes de um texto, identificando os recursos coesivos que contribuem para a sua continuidade."
ESCOLA MUNICIPAL HILDA BRAGA,MENDES,RIO DE JANEIRO,4º ANO,C:\Users\User1\Downloads\OneDrive_1_02-06-2026 (1)\ESCOLA MUNICIPAL HILDA BRAGA\Consolidado Saex - 4º ANO.pdf,Língua Portuguesa,86,D030_P,Reconhecer os elementos que compõem uma narrativa e o conflito gerador.
ESCOLA MUNICIPAL HILDA BRAGA,MENDES,RIO DE JANEIRO,4º ANO,C:\Users\User1\Downloads\OneDrive_1_02-06-2026 (1)\ESCOLA MUNICIPAL HILDA BRAGA\Consolidado Saex - 4º ANO.pdf,Língua Portuguesa,82,D022_P,Inferir o sentido de palavra ou expressão a partir do contexto.
ESCOLA MUNICIPAL HILDA BRAGA,MENDES,RIO DE JANEIRO,4º ANO,C:\Users\User1\Downloads\OneDrive_1_02-06-2026 (1)\ESCOLA MUNICIPAL HILDA BRAGA\Consolidado Saex - 4º ANO.pdf,Língua Portuguesa,77,D023_P,Inferir informações em textos.
ESCOLA MUNICIPAL HILDA BRAGA,MENDES,RIO DE JANEIRO,4º ANO,C:\Users\User1\Downloads\OneDrive_1_02-06-2026 (1)\ESCOLA MUNICIPAL HILDA BRAGA\Consolidado Saex - 4º ANO.pdf,Língua Portuguesa,73,D021_P,Localizar informação explícita.
ESCOLA MUNICIPAL HILDA BRAGA,MENDES,RIO DE JANEIRO,4º ANO,C:\Users\User1\Downloads\OneDrive_1_02-06-2026 (1)\ESCOLA MUNICIPAL HILDA BRAGA\Consolidado Saex - 4º ANO.pdf,Língua Portuguesa,73,D012_P,"Identificar efeito de sentido decorrente de recursos gráficos, seleção lexical e repetição."
ESCOLA MUNICIPAL HILDA BRAGA,MENDES,RIO DE JANEIRO,4º ANO,C:\Users\User1\Downloads\OneDrive_1_02-06-2026 (1)\ESCOLA MUNICIPAL HILDA BRAGA\Consolidado Saex - 4º ANO.pdf,Língua Portuguesa,64,D025_P,Reconhecer efeitos de sentido decorrentes do uso ou função da pontuação e de outras notações.
ESCOLA MUNICIPAL HILDA BRAGA,MENDES,RIO DE JANEIRO,4º ANO,C:\Users\User1\Downloads\OneDrive_1_02-06-2026 (1)\ESCOLA MUNICIPAL HILDA BRAGA\Consolidado Saex - 4º ANO.pdf,Língua Portuguesa,59,D016_P,Identificar a finalidade de textos de diferentes gêneros. (Matemática):
ESCOLA MUNICIPAL HILDA BRAGA,MENDES,RIO DE JANEIRO,4º ANO,C:\Users\User1\Downloads\OneDrive_1_02-06-2026 (1)\ESCOLA MUNICIPAL HILDA BRAGA\Consolidado Saex - 4º ANO.pdf,Matemática,41,D011_M,Corresponder o horário de início e de término com o intervalo de duração de um evento ou acontecimento.
ESCOLA MUNICIPAL HILDA BRAGA,MENDES,RIO DE JANEIRO,4º ANO,C:\Users\User1\Downloads\OneDrive_1_02-06-2026 (1)\ESCOLA MUNICIPAL HILDA BRAGA\Consolidado Saex - 4º ANO.pdf,Matemática,18,D045_M,Reconhecer horas em relógios digitais e/ou analógicos.
ESCOLA MUNICIPAL HILDA BRAGA,MENDES,RIO DE JANEIRO,4º ANO,C:\Users\User1\Downloads\OneDrive_1_02-06-2026 (1)\ESCOLA MUNICIPAL HILDA BRAGA\Consolidado Saex - 4º ANO.pdf,Matemática,55,D008_M,Corresponder números naturais à sua escrita por extenso.
ESCOLA MUNICIPAL HILDA BRAGA,MENDES,RIO DE JANEIRO,4º ANO,C:\Users\User1\Downloads\OneDrive_1_02-06-2026 (1)\ESCOLA MUNICIPAL HILDA BRAGA\Consolidado Saex - 4º ANO.pdf,Matemática,55,D066_M,"Utilizar números naturais, envolvendo diferentes significados da adição ou da subtração, na resolução de problemas."
ESCOLA MUNICIPAL HILDA BRAGA,MENDES,RIO DE JANEIRO,4º ANO,C:\Users\User1\Downloads\OneDrive_1_02-06-2026 (1)\ESCOLA MUNICIPAL HILDA BRAGA\Consolidado Saex - 4º ANO.pdf,Matemática,55,D028_M,"Identificar instrumentos utilizados para medir determinadas grandezas (massa, comprimento, capacidade, tempo e temperatura)."
ESCOLA MUNICIPAL HILDA BRAGA,MENDES,RIO DE JANEIRO,4º ANO,C:\Users\User1\Downloads\OneDrive_1_02-06-2026 (1)\ESCOLA MUNICIPAL HILDA BRAGA\Consolidado Saex - 4º ANO.pdf,Matemática,55,D042_M,Reconhecer características do sistema de numeração decimal.
ESCOLA MUNICIPAL HILDA BRAGA,MENDES,RIO DE JANEIRO,4º ANO,C:\Users\User1\Downloads\OneDrive_1_02-06-2026 (1)\ESCOLA MUNICIPAL HILDA BRAGA\Consolidado Saex - 4º ANO.pdf,Matemática,68,D027_M,Identificar informações a partir de dados dispostos em tabelas.
ESCOLA MUNICIPAL HILDA BRAGA,MENDES,RIO DE JANEIRO,4º ANO,C:\Users\User1\Downloads\OneDrive_1_02-06-2026 (1)\ESCOLA MUNICIPAL HILDA BRAGA\Consolidado Saex - 4º ANO.pdf,Matemática,64,D056_M,Utilizar conversão entre unidades de medidas de tempo na resolução de problema.
ESCOLA MUNICIPAL HILDA BRAGA,MENDES,RIO DE JANEIRO,4º ANO,C:\Users\User1\Downloads\OneDrive_1_02-06-2026 (1)\ESCOLA MUNICIPAL HILDA BRAGA\Consolidado Saex - 4º ANO.pdf,Matemática,64,D007_M,Corresponder números naturais a pontos da reta numérica.
ESCOLA MUNICIPAL HILDA BRAGA,MENDES,RIO DE JANEIRO,4º ANO,C:\Users\User1\Downloads\OneDrive_1_02-06-2026 (1)\ESCOLA MUNICIPAL HILDA BRAGA\Consolidado Saex - 4º ANO.pdf,Matemática,91,D033_M,Identificar representações de figuras tridimensionais.
ESCOLA MUNICIPAL HILDA BRAGA,MENDES,RIO DE JANEIRO,4º ANO,C:\Users\User1\Downloads\OneDrive_1_02-06-2026 (1)\ESCOLA MUNICIPAL HILDA BRAGA\Consolidado Saex - 4º ANO.pdf,Matemática,82,D022_M,Identificar a localização ou a movimentação de pessoas ou objetos em uma representação plana do espaço.
ESCOLA MUNICIPAL HILDA BRAGA,MENDES,RIO DE JANEIRO,4º ANO,C:\Users\User1\Downloads\OneDrive_1_02-06-2026 (1)\ESCOLA MUNICIPAL HILDA BRAGA\Consolidado Saex - 4º ANO.pdf,Matemática,82,D017_M,Executar adição ou subtração com números naturais.
ESCOLA MUNICIPAL HILDA BRAGA,MENDES,RIO DE JANEIRO,4º ANO,C:\Users\User1\Downloads\OneDrive_1_02-06-2026 (1)\ESCOLA MUNICIPAL HILDA BRAGA\Consolidado Saex - 4º ANO.pdf,Matemática,73,D029_M,Identificar números naturais segundo critérios de ordem.
ESCOLA MUNICIPAL HILDA BRAGA,MENDES,RIO DE JANEIRO,4º ANO,C:\Users\User1\Downloads\OneDrive_1_02-06-2026 (1)\ESCOLA MUNICIPAL HILDA BRAGA\Consolidado Saex - 4º ANO.pdf,Matemática,73,D067_M,"Utilizar números naturais, envolvendo diferentes significados da multiplicação ou da divisão, na resolução de problemas."
ESCOLA MUNICIPAL HILDA BRAGA,MENDES,RIO DE JANEIRO,4º ANO,C:\Users\User1\Downloads\OneDrive_1_02-06-2026 (1)\ESCOLA MUNICIPAL HILDA BRAGA\Consolidado Saex - 4º ANO.pdf,Matemática,55,D023_M,Identificar composições ou decomposições de números naturais.
ESCOLA MUNICIPAL HILDA BRAGA,MENDES,RIO DE JANEIRO,4º ANO,C:\Users\User1\Downloads\OneDrive_1_02-06-2026 (1)\ESCOLA MUNICIPAL HILDA BRAGA\Consolidado Saex - 4º ANO.pdf,Matemática,55,D024_M,Identificar dados apresentados por meio de gráficos.
ESCOLA MUNICIPAL HILDA BRAGA,MENDES,RIO DE JANEIRO,5º ANO,C:\Users\User1\Downloads\OneDrive_1_02-06-2026 (1)\ESCOLA MUNICIPAL HILDA BRAGA\Consolidado Saex - 5º ANO.pdf,Língua Portuguesa,79,D017_P,Reconhecer o gênero de um texto.
ESCOLA MUNICIPAL HILDA BRAGA,MENDES,RIO DE JANEIRO,5º ANO,C:\Users\User1\Downloads\OneDrive_1_02-06-2026 (1)\ESCOLA MUNICIPAL HILDA BRAGA\Consolidado Saex - 5º ANO.pdf,Língua Portuguesa,71,D057_P,Interpretar textos que articulam elementos verbais e não verbais.
ESCOLA MUNICIPAL HILDA BRAGA,MENDES,RIO DE JANEIRO,5º ANO,C:\Users\User1\Downloads\OneDrive_1_02-06-2026 (1)\ESCOLA MUNICIPAL HILDA BRAGA\Consolidado Saex - 5º ANO.pdf,Língua Portuguesa,69,D030_P,Reconhecer os elementos que compõem uma narrativa e o conflito gerador.
ESCOLA MUNICIPAL HILDA BRAGA,MENDES,RIO DE JANEIRO,5º ANO,C:\Users\User1\Downloads\OneDrive_1_02-06-2026 (1)\ESCOLA MUNICIPAL HILDA BRAGA\Consolidado Saex - 5º ANO.pdf,Língua Portuguesa,65,D023_P,Inferir informações em textos.
ESCOLA MUNICIPAL HILDA BRAGA,MENDES,RIO DE JANEIRO,5º ANO,C:\Users\User1\Downloads\OneDrive_1_02-06-2026 (1)\ESCOLA MUNICIPAL HILDA BRAGA\Consolidado Saex - 5º ANO.pdf,Língua Portuguesa,62,D021_P,Localizar informação explícita.
ESCOLA MUNICIPAL HILDA BRAGA,MENDES,RIO DE JANEIRO,5º ANO,C:\Users\User1\Downloads\OneDrive_1_02-06-2026 (1)\ESCOLA MUNICIPAL HILDA BRAGA\Consolidado Saex - 5º ANO.pdf,Língua Portuguesa,59,D022_P,Inferir o sentido de palavra ou expressão a partir do contexto.
ESCOLA MUNICIPAL HILDA BRAGA,MENDES,RIO DE JANEIRO,5º ANO,C:\Users\User1\Downloads\OneDrive_1_02-06-2026 (1)\ESCOLA MUNICIPAL HILDA BRAGA\Consolidado Saex - 5º ANO.pdf,Língua Portuguesa,59,D012_P,"Identificar efeito de sentido decorrente de recursos gráficos, seleção lexical e repetição."
ESCOLA MUNICIPAL HILDA BRAGA,MENDES,RIO DE JANEIRO,5º ANO,C:\Users\User1\Downloads\OneDrive_1_02-06-2026 (1)\ESCOLA MUNICIPAL HILDA BRAGA\Consolidado Saex - 5º ANO.pdf,Língua Portuguesa,53,D016_P,Identificar a finalidade de textos de diferentes gêneros.
ESCOLA MUNICIPAL HILDA BRAGA,MENDES,RIO DE JANEIRO,5º ANO,C:\Users\User1\Downloads\OneDrive_1_02-06-2026 (1)\ESCOLA MUNICIPAL HILDA BRAGA\Consolidado Saex - 5º ANO.pdf,Língua Portuguesa,53,D037_P,"Reconhecer as relações entre partes de um texto, identificando os recursos coesivos que contribuem para a sua continuidade."
ESCOLA MUNICIPAL HILDA BRAGA,MENDES,RIO DE JANEIRO,5º ANO,C:\Users\User1\Downloads\OneDrive_1_02-06-2026 (1)\ESCOLA MUNICIPAL HILDA BRAGA\Consolidado Saex - 5º ANO.pdf,Língua Portuguesa,53,D028_P,Reconhecer o assunto de um texto lido.
ESCOLA MUNICIPAL HILDA BRAGA,MENDES,RIO DE JANEIRO,5º ANO,C:\Users\User1\Downloads\OneDrive_1_02-06-2026 (1)\ESCOLA MUNICIPAL HILDA BRAGA\Consolidado Saex - 5º ANO.pdf,Língua Portuguesa,44,D039_P,Reconhecer o sentido das relações lógico-discursivas em um texto. (Matemática):
ESCOLA MUNICIPAL HILDA BRAGA,MENDES,RIO DE JANEIRO,5º ANO,C:\Users\User1\Downloads\OneDrive_1_02-06-2026 (1)\ESCOLA MUNICIPAL HILDA BRAGA\Consolidado Saex - 5º ANO.pdf,Matemática,76,D022_M,Identificar a localização ou a movimentação de pessoas ou objetos em uma representação plana do espaço.
ESCOLA MUNICIPAL HILDA BRAGA,MENDES,RIO DE JANEIRO,5º ANO,C:\Users\User1\Downloads\OneDrive_1_02-06-2026 (1)\ESCOLA MUNICIPAL HILDA BRAGA\Consolidado Saex - 5º ANO.pdf,Matemática,100,D008_M,Corresponder números naturais à sua escrita por extenso.
ESCOLA MUNICIPAL HILDA BRAGA,MENDES,RIO DE JANEIRO,5º ANO,C:\Users\User1\Downloads\OneDrive_1_02-06-2026 (1)\ESCOLA MUNICIPAL HILDA BRAGA\Consolidado Saex - 5º ANO.pdf,Matemática,82,D042_M,Reconhecer características do sistema de numeração decimal.
ESCOLA MUNICIPAL HILDA BRAGA,MENDES,RIO DE JANEIRO,5º ANO,C:\Users\User1\Downloads\OneDrive_1_02-06-2026 (1)\ESCOLA MUNICIPAL HILDA BRAGA\Consolidado Saex - 5º ANO.pdf,Matemática,21,D011_M,Corresponder o horário de início e de término com o intervalo de duração de um evento ou acontecimento.
ESCOLA MUNICIPAL HILDA BRAGA,MENDES,RIO DE JANEIRO,5º ANO,C:\Users\User1\Downloads\OneDrive_1_02-06-2026 (1)\ESCOLA MUNICIPAL HILDA BRAGA\Consolidado Saex - 5º ANO.pdf,Matemática,6,D026_M,Identificar frações equivalentes.
ESCOLA MUNICIPAL HILDA BRAGA,MENDES,RIO DE JANEIRO,5º ANO,C:\Users\User1\Downloads\OneDrive_1_02-06-2026 (1)\ESCOLA MUNICIPAL HILDA BRAGA\Consolidado Saex - 5º ANO.pdf,Matemática,24,D044_M,Reconhecer fração como representação associada a diferentes significados.
ESCOLA MUNICIPAL HILDA BRAGA,MENDES,RIO DE JANEIRO,5º ANO,C:\Users\User1\Downloads\OneDrive_1_02-06-2026 (1)\ESCOLA MUNICIPAL HILDA BRAGA\Consolidado Saex - 5º ANO.pdf,Matemática,24,D010_M,Corresponder números racionais na representação decimal à sua escrita por extenso.
ESCOLA MUNICIPAL HILDA BRAGA,MENDES,RIO DE JANEIRO,5º ANO,C:\Users\User1\Downloads\OneDrive_1_02-06-2026 (1)\ESCOLA MUNICIPAL HILDA BRAGA\Consolidado Saex - 5º ANO.pdf,Matemática,24,D055_M,"Utilizar conversão entre unidades de medida, na resolução de problema."
ESCOLA MUNICIPAL HILDA BRAGA,MENDES,RIO DE JANEIRO,5º ANO,C:\Users\User1\Downloads\OneDrive_1_02-06-2026 (1)\ESCOLA MUNICIPAL HILDA BRAGA\Consolidado Saex - 5º ANO.pdf,Matemática,26,D031_M,"Identificar polígonos de acordo com as características dos seus lados, vértices e ângulos internos."
ESCOLA MUNICIPAL HILDA BRAGA,MENDES,RIO DE JANEIRO,5º ANO,C:\Users\User1\Downloads\OneDrive_1_02-06-2026 (1)\ESCOLA MUNICIPAL HILDA BRAGA\Consolidado Saex - 5º ANO.pdf,Matemática,41,D007_M,Corresponder números naturais a pontos da reta numérica.
ESCOLA MUNICIPAL HILDA BRAGA,MENDES,RIO DE JANEIRO,5º ANO,C:\Users\User1\Downloads\OneDrive_1_02-06-2026 (1)\ESCOLA MUNICIPAL HILDA BRAGA\Consolidado Saex - 5º ANO.pdf,Matemática,41,D015_M,Determinar o número desconhecido que torna verdadeira uma igualdade matemática envolvendo representação simbólica.
ESCOLA MUNICIPAL HILDA BRAGA,MENDES,RIO DE JANEIRO,5º ANO,C:\Users\User1\Downloads\OneDrive_1_02-06-2026 (1)\ESCOLA MUNICIPAL HILDA BRAGA\Consolidado Saex - 5º ANO.pdf,Matemática,35,D009_M,Corresponder números racionais a pontos da reta numérica.
ESCOLA MUNICIPAL HILDA BRAGA,MENDES,RIO DE JANEIRO,5º ANO,C:\Users\User1\Downloads\OneDrive_1_02-06-2026 (1)\ESCOLA MUNICIPAL HILDA BRAGA\Consolidado Saex - 5º ANO.pdf,Matemática,71,D033_M,Identificar representações de figuras tridimensionais.
ESCOLA MUNICIPAL HILDA BRAGA,MENDES,RIO DE JANEIRO,5º ANO,C:\Users\User1\Downloads\OneDrive_1_02-06-2026 (1)\ESCOLA MUNICIPAL HILDA BRAGA\Consolidado Saex - 5º ANO.pdf,Matemática,65,D012_M,Corresponder objetos em uma representação plana do espaço à sua localização descrita por meio de um par ordenado.
ESCOLA MUNICIPAL HILDA BRAGA,MENDES,RIO DE JANEIRO,5º ANO,C:\Users\User1\Downloads\OneDrive_1_02-06-2026 (1)\ESCOLA MUNICIPAL HILDA BRAGA\Consolidado Saex - 5º ANO.pdf,Matemática,65,D065_M,"Utilizar números naturais e racionais, envolvendo diferentes significados da adição ou da subtração, na resolução de problemas."
ESCOLA MUNICIPAL HILDA BRAGA,MENDES,RIO DE JANEIRO,5º ANO,C:\Users\User1\Downloads\OneDrive_1_02-06-2026 (1)\ESCOLA MUNICIPAL HILDA BRAGA\Consolidado Saex - 5º ANO.pdf,Matemática,65,D066_M,"Utilizar números naturais, envolvendo diferentes significados da adição ou da subtração, na resolução de problemas."
ESCOLA MUNICIPAL HILDA BRAGA,MENDES,RIO DE JANEIRO,5º ANO,C:\Users\User1\Downloads\OneDrive_1_02-06-2026 (1)\ESCOLA MUNICIPAL HILDA BRAGA\Consolidado Saex - 5º ANO.pdf,Matemática,47,D037_M,"Identificar uma sequência crescente ou decrescente, dentre uma coleção de sequências de números naturais."
ESCOLA MUNICIPAL HILDA BRAGA,MENDES,RIO DE JANEIRO,5º ANO,C:\Users\User1\Downloads\OneDrive_1_02-06-2026 (1)\ESCOLA MUNICIPAL HILDA BRAGA\Consolidado Saex - 5º ANO.pdf,Matemática,35,D045_M,Reconhecer horas em relógios digitais e/ou analógicos.
ESCOLA MUNICIPAL HILDA BRAGA,MENDES,RIO DE JANEIRO,5º ANO,C:\Users\User1\Downloads\OneDrive_1_02-06-2026 (1)\ESCOLA MUNICIPAL HILDA BRAGA\Consolidado Saex - 5º ANO.pdf,Matemática,35,D080_M,Utilizar perímetro de figuras bidimensionais na resolução de problema.
ESCOLA MUNICIPAL MARIA SEMEDO DE ANDRADE,MENDES,RIO DE JANEIRO,2º ANO,C:\Users\User1\Downloads\OneDrive_1_02-06-2026 (1)\ESCOLA MUNICIPAL MARIA SEMEDO DE ANDRADE\Consolidado Saex - 2º ANO.pdf,Língua Portuguesa,100,D002_P,Reconhecer as letras do alfabeto.
ESCOLA MUNICIPAL MARIA SEMEDO DE ANDRADE,MENDES,RIO DE JANEIRO,2º ANO,C:\Users\User1\Downloads\OneDrive_1_02-06-2026 (1)\ESCOLA MUNICIPAL MARIA SEMEDO DE ANDRADE\Consolidado Saex - 2º ANO.pdf,Língua Portuguesa,100,D007_P,Identificar o número de sílabas de uma palavra.
ESCOLA MUNICIPAL MARIA SEMEDO DE ANDRADE,MENDES,RIO DE JANEIRO,2º ANO,C:\Users\User1\Downloads\OneDrive_1_02-06-2026 (1)\ESCOLA MUNICIPAL MARIA SEMEDO DE ANDRADE\Consolidado Saex - 2º ANO.pdf,Língua Portuguesa,88,D010_P,Ler palavras formadas por sílabas não canônicas.
ESCOLA MUNICIPAL MARIA SEMEDO DE ANDRADE,MENDES,RIO DE JANEIRO,2º ANO,C:\Users\User1\Downloads\OneDrive_1_02-06-2026 (1)\ESCOLA MUNICIPAL MARIA SEMEDO DE ANDRADE\Consolidado Saex - 2º ANO.pdf,Língua Portuguesa,84,D003_P,Reconhecer as diferentes formas de grafar uma mesma letra ou palavra.
ESCOLA MUNICIPAL MARIA SEMEDO DE ANDRADE,MENDES,RIO DE JANEIRO,2º ANO,C:\Users\User1\Downloads\OneDrive_1_02-06-2026 (1)\ESCOLA MUNICIPAL MARIA SEMEDO DE ANDRADE\Consolidado Saex - 2º ANO.pdf,Língua Portuguesa,81,D009_P,Ler palavras formadas por sílabas canônicas.
ESCOLA MUNICIPAL MARIA SEMEDO DE ANDRADE,MENDES,RIO DE JANEIRO,2º ANO,C:\Users\User1\Downloads\OneDrive_1_02-06-2026 (1)\ESCOLA MUNICIPAL MARIA SEMEDO DE ANDRADE\Consolidado Saex - 2º ANO.pdf,Língua Portuguesa,81,D008_P,Identificar sílabas de uma palavra.
ESCOLA MUNICIPAL MARIA SEMEDO DE ANDRADE,MENDES,RIO DE JANEIRO,2º ANO,C:\Users\User1\Downloads\OneDrive_1_02-06-2026 (1)\ESCOLA MUNICIPAL MARIA SEMEDO DE ANDRADE\Consolidado Saex - 2º ANO.pdf,Língua Portuguesa,72,D016_P,Identificar a finalidade de textos de diferentes gêneros.
ESCOLA MUNICIPAL MARIA SEMEDO DE ANDRADE,MENDES,RIO DE JANEIRO,2º ANO,C:\Users\User1\Downloads\OneDrive_1_02-06-2026 (1)\ESCOLA MUNICIPAL MARIA SEMEDO DE ANDRADE\Consolidado Saex - 2º ANO.pdf,Língua Portuguesa,69,D006_P,Identificar rimas.
ESCOLA MUNICIPAL MARIA SEMEDO DE ANDRADE,MENDES,RIO DE JANEIRO,2º ANO,C:\Users\User1\Downloads\OneDrive_1_02-06-2026 (1)\ESCOLA MUNICIPAL MARIA SEMEDO DE ANDRADE\Consolidado Saex - 2º ANO.pdf,Língua Portuguesa,69,D017_P,Reconhecer o gênero de um texto.
ESCOLA MUNICIPAL MARIA SEMEDO DE ANDRADE,MENDES,RIO DE JANEIRO,2º ANO,C:\Users\User1\Downloads\OneDrive_1_02-06-2026 (1)\ESCOLA MUNICIPAL MARIA SEMEDO DE ANDRADE\Consolidado Saex - 2º ANO.pdf,Língua Portuguesa,56,D005_P,Identificar a unidade palavra em frases.
ESCOLA MUNICIPAL MARIA SEMEDO DE ANDRADE,MENDES,RIO DE JANEIRO,2º ANO,C:\Users\User1\Downloads\OneDrive_1_02-06-2026 (1)\ESCOLA MUNICIPAL MARIA SEMEDO DE ANDRADE\Consolidado Saex - 2º ANO.pdf,Língua Portuguesa,56,D014_P,Identificar variações de sons de grafemas.
ESCOLA MUNICIPAL MARIA SEMEDO DE ANDRADE,MENDES,RIO DE JANEIRO,2º ANO,C:\Users\User1\Downloads\OneDrive_1_02-06-2026 (1)\ESCOLA MUNICIPAL MARIA SEMEDO DE ANDRADE\Consolidado Saex - 2º ANO.pdf,Língua Portuguesa,50,D023_P,Inferir informações em textos.
ESCOLA MUNICIPAL MARIA SEMEDO DE ANDRADE,MENDES,RIO DE JANEIRO,2º ANO,C:\Users\User1\Downloads\OneDrive_1_02-06-2026 (1)\ESCOLA MUNICIPAL MARIA SEMEDO DE ANDRADE\Consolidado Saex - 2º ANO.pdf,Língua Portuguesa,38,D013_P,Reconhecer o local de inserção de determinada palavra numa sequência em ordem alfabética. (Matemática):
ESCOLA MUNICIPAL MARIA SEMEDO DE ANDRADE,MENDES,RIO DE JANEIRO,2º ANO,C:\Users\User1\Downloads\OneDrive_1_02-06-2026 (1)\ESCOLA MUNICIPAL MARIA SEMEDO DE ANDRADE\Consolidado Saex - 2º ANO.pdf,Matemática,100,D005_M,Corresponder cédulas e/ou moedas do Sistema Monetário Brasileiro.
ESCOLA MUNICIPAL MARIA SEMEDO DE ANDRADE,MENDES,RIO DE JANEIRO,2º ANO,C:\Users\User1\Downloads\OneDrive_1_02-06-2026 (1)\ESCOLA MUNICIPAL MARIA SEMEDO DE ANDRADE\Consolidado Saex - 2º ANO.pdf,Matemática,57,D056_M,Utilizar conversão entre unidades de medidas de tempo na resolução de problema.
ESCOLA MUNICIPAL MARIA SEMEDO DE ANDRADE,MENDES,RIO DE JANEIRO,2º ANO,C:\Users\User1\Downloads\OneDrive_1_02-06-2026 (1)\ESCOLA MUNICIPAL MARIA SEMEDO DE ANDRADE\Consolidado Saex - 2º ANO.pdf,Matemática,93,D029_M,Identificar números naturais segundo critérios de ordem.
ESCOLA MUNICIPAL MARIA SEMEDO DE ANDRADE,MENDES,RIO DE JANEIRO,2º ANO,C:\Users\User1\Downloads\OneDrive_1_02-06-2026 (1)\ESCOLA MUNICIPAL MARIA SEMEDO DE ANDRADE\Consolidado Saex - 2º ANO.pdf,Matemática,86,D022_M,Identificar a localização ou a movimentação de pessoas ou objetos em uma representação plana do espaço.
ESCOLA MUNICIPAL MARIA SEMEDO DE ANDRADE,MENDES,RIO DE JANEIRO,2º ANO,C:\Users\User1\Downloads\OneDrive_1_02-06-2026 (1)\ESCOLA MUNICIPAL MARIA SEMEDO DE ANDRADE\Consolidado Saex - 2º ANO.pdf,Matemática,79,D004_M,Comparar ou ordenar quantidades pela contagem.
ESCOLA MUNICIPAL MARIA SEMEDO DE ANDRADE,MENDES,RIO DE JANEIRO,2º ANO,C:\Users\User1\Downloads\OneDrive_1_02-06-2026 (1)\ESCOLA MUNICIPAL MARIA SEMEDO DE ANDRADE\Consolidado Saex - 2º ANO.pdf,Matemática,100,D016_M,Executar a contagem de um grupo de objetos/pessoas/animais.
ESCOLA MUNICIPAL MARIA SEMEDO DE ANDRADE,MENDES,RIO DE JANEIRO,2º ANO,C:\Users\User1\Downloads\OneDrive_1_02-06-2026 (1)\ESCOLA MUNICIPAL MARIA SEMEDO DE ANDRADE\Consolidado Saex - 2º ANO.pdf,Matemática,100,D027_M,Identificar informações a partir de dados dispostos em tabelas.
ESCOLA MUNICIPAL MARIA SEMEDO DE ANDRADE,MENDES,RIO DE JANEIRO,2º ANO,C:\Users\User1\Downloads\OneDrive_1_02-06-2026 (1)\ESCOLA MUNICIPAL MARIA SEMEDO DE ANDRADE\Consolidado Saex - 2º ANO.pdf,Matemática,100,D032_M,Identificar representações de figuras bidimensionais.
ESCOLA MUNICIPAL MARIA SEMEDO DE ANDRADE,MENDES,RIO DE JANEIRO,2º ANO,C:\Users\User1\Downloads\OneDrive_1_02-06-2026 (1)\ESCOLA MUNICIPAL MARIA SEMEDO DE ANDRADE\Consolidado Saex - 2º ANO.pdf,Matemática,100,D033_M,Identificar representações de figuras tridimensionais.
ESCOLA MUNICIPAL MARIA SEMEDO DE ANDRADE,MENDES,RIO DE JANEIRO,2º ANO,C:\Users\User1\Downloads\OneDrive_1_02-06-2026 (1)\ESCOLA MUNICIPAL MARIA SEMEDO DE ANDRADE\Consolidado Saex - 2º ANO.pdf,Matemática,96,D003_M,"Comparar ou ordenar o objeto/pessoa/animal por meio dos atributos de comprimento, altura, espessura e tamanho."
ESCOLA MUNICIPAL MARIA SEMEDO DE ANDRADE,MENDES,RIO DE JANEIRO,2º ANO,C:\Users\User1\Downloads\OneDrive_1_02-06-2026 (1)\ESCOLA MUNICIPAL MARIA SEMEDO DE ANDRADE\Consolidado Saex - 2º ANO.pdf,Matemática,79,D066_M,"Utilizar números naturais, envolvendo diferentes significados da adição ou da subtração, na resolução de problemas."
ESCOLA MUNICIPAL MARIA SEMEDO DE ANDRADE,MENDES,RIO DE JANEIRO,2º ANO,C:\Users\User1\Downloads\OneDrive_1_02-06-2026 (1)\ESCOLA MUNICIPAL MARIA SEMEDO DE ANDRADE\Consolidado Saex - 2º ANO.pdf,Matemática,71,D017_M,Executar adição ou subtração com números naturais.
ESCOLA MUNICIPAL MARIA SEMEDO DE ANDRADE,MENDES,RIO DE JANEIRO,3º ANO,C:\Users\User1\Downloads\OneDrive_1_02-06-2026 (1)\ESCOLA MUNICIPAL MARIA SEMEDO DE ANDRADE\Consolidado Saex - 3º ANO.pdf,Língua Portuguesa,87,D007_P,Identificar o número de sílabas de uma palavra.
ESCOLA MUNICIPAL MARIA SEMEDO DE ANDRADE,MENDES,RIO DE JANEIRO,3º ANO,C:\Users\User1\Downloads\OneDrive_1_02-06-2026 (1)\ESCOLA MUNICIPAL MARIA SEMEDO DE ANDRADE\Consolidado Saex - 3º ANO.pdf,Língua Portuguesa,86,D009_P,Ler palavras formadas por sílabas canônicas.
ESCOLA MUNICIPAL MARIA SEMEDO DE ANDRADE,MENDES,RIO DE JANEIRO,3º ANO,C:\Users\User1\Downloads\OneDrive_1_02-06-2026 (1)\ESCOLA MUNICIPAL MARIA SEMEDO DE ANDRADE\Consolidado Saex - 3º ANO.pdf,Língua Portuguesa,81,D015_P,Ler frases.
ESCOLA MUNICIPAL MARIA SEMEDO DE ANDRADE,MENDES,RIO DE JANEIRO,3º ANO,C:\Users\User1\Downloads\OneDrive_1_02-06-2026 (1)\ESCOLA MUNICIPAL MARIA SEMEDO DE ANDRADE\Consolidado Saex - 3º ANO.pdf,Língua Portuguesa,74,D005_P,Identificar a unidade palavra em frases.
ESCOLA MUNICIPAL MARIA SEMEDO DE ANDRADE,MENDES,RIO DE JANEIRO,3º ANO,C:\Users\User1\Downloads\OneDrive_1_02-06-2026 (1)\ESCOLA MUNICIPAL MARIA SEMEDO DE ANDRADE\Consolidado Saex - 3º ANO.pdf,Língua Portuguesa,72,D030_P,Reconhecer os elementos que compõem uma narrativa e o conflito gerador.
ESCOLA MUNICIPAL MARIA SEMEDO DE ANDRADE,MENDES,RIO DE JANEIRO,3º ANO,C:\Users\User1\Downloads\OneDrive_1_02-06-2026 (1)\ESCOLA MUNICIPAL MARIA SEMEDO DE ANDRADE\Consolidado Saex - 3º ANO.pdf,Língua Portuguesa,68,D016_P,Identificar a finalidade de textos de diferentes gêneros.
ESCOLA MUNICIPAL MARIA SEMEDO DE ANDRADE,MENDES,RIO DE JANEIRO,3º ANO,C:\Users\User1\Downloads\OneDrive_1_02-06-2026 (1)\ESCOLA MUNICIPAL MARIA SEMEDO DE ANDRADE\Consolidado Saex - 3º ANO.pdf,Língua Portuguesa,68,D003_P,Reconhecer as diferentes formas de grafar uma mesma letra ou palavra.
ESCOLA MUNICIPAL MARIA SEMEDO DE ANDRADE,MENDES,RIO DE JANEIRO,3º ANO,C:\Users\User1\Downloads\OneDrive_1_02-06-2026 (1)\ESCOLA MUNICIPAL MARIA SEMEDO DE ANDRADE\Consolidado Saex - 3º ANO.pdf,Língua Portuguesa,65,D010_P,Ler palavras formadas por sílabas não canônicas.
ESCOLA MUNICIPAL MARIA SEMEDO DE ANDRADE,MENDES,RIO DE JANEIRO,3º ANO,C:\Users\User1\Downloads\OneDrive_1_02-06-2026 (1)\ESCOLA MUNICIPAL MARIA SEMEDO DE ANDRADE\Consolidado Saex - 3º ANO.pdf,Língua Portuguesa,64,D017_P,Reconhecer o gênero de um texto.
ESCOLA MUNICIPAL MARIA SEMEDO DE ANDRADE,MENDES,RIO DE JANEIRO,3º ANO,C:\Users\User1\Downloads\OneDrive_1_02-06-2026 (1)\ESCOLA MUNICIPAL MARIA SEMEDO DE ANDRADE\Consolidado Saex - 3º ANO.pdf,Língua Portuguesa,50,D008_P,Identificar sílabas de uma palavra.
ESCOLA MUNICIPAL MARIA SEMEDO DE ANDRADE,MENDES,RIO DE JANEIRO,3º ANO,C:\Users\User1\Downloads\OneDrive_1_02-06-2026 (1)\ESCOLA MUNICIPAL MARIA SEMEDO DE ANDRADE\Consolidado Saex - 3º ANO.pdf,Língua Portuguesa,48,D021_P,Localizar informação explícita.
ESCOLA MUNICIPAL MARIA SEMEDO DE ANDRADE,MENDES,RIO DE JANEIRO,3º ANO,C:\Users\User1\Downloads\OneDrive_1_02-06-2026 (1)\ESCOLA MUNICIPAL MARIA SEMEDO DE ANDRADE\Consolidado Saex - 3º ANO.pdf,Língua Portuguesa,48,D006_P,Identificar rimas.
ESCOLA MUNICIPAL MARIA SEMEDO DE ANDRADE,MENDES,RIO DE JANEIRO,3º ANO,C:\Users\User1\Downloads\OneDrive_1_02-06-2026 (1)\ESCOLA MUNICIPAL MARIA SEMEDO DE ANDRADE\Consolidado Saex - 3º ANO.pdf,Língua Portuguesa,44,D023_P,Inferir informações em textos.
ESCOLA MUNICIPAL MARIA SEMEDO DE ANDRADE,MENDES,RIO DE JANEIRO,3º ANO,C:\Users\User1\Downloads\OneDrive_1_02-06-2026 (1)\ESCOLA MUNICIPAL MARIA SEMEDO DE ANDRADE\Consolidado Saex - 3º ANO.pdf,Língua Portuguesa,33,D012_P,"Identificar efeito de sentido decorrente de recursos gráficos, seleção lexical e repetição."
ESCOLA MUNICIPAL MARIA SEMEDO DE ANDRADE,MENDES,RIO DE JANEIRO,3º ANO,C:\Users\User1\Downloads\OneDrive_1_02-06-2026 (1)\ESCOLA MUNICIPAL MARIA SEMEDO DE ANDRADE\Consolidado Saex - 3º ANO.pdf,Língua Portuguesa,30,D028_P,Reconhecer o assunto de um texto lido.
ESCOLA MUNICIPAL MARIA SEMEDO DE ANDRADE,MENDES,RIO DE JANEIRO,3º ANO,C:\Users\User1\Downloads\OneDrive_1_02-06-2026 (1)\ESCOLA MUNICIPAL MARIA SEMEDO DE ANDRADE\Consolidado Saex - 3º ANO.pdf,Língua Portuguesa,29,D014_P,Identificar variações de sons de grafemas. (Matemática):
ESCOLA MUNICIPAL MARIA SEMEDO DE ANDRADE,MENDES,RIO DE JANEIRO,3º ANO,C:\Users\User1\Downloads\OneDrive_1_02-06-2026 (1)\ESCOLA MUNICIPAL MARIA SEMEDO DE ANDRADE\Consolidado Saex - 3º ANO.pdf,Matemática,33,D056_M,Utilizar conversão entre unidades de medidas de tempo na resolução de problema.
ESCOLA MUNICIPAL MARIA SEMEDO DE ANDRADE,MENDES,RIO DE JANEIRO,3º ANO,C:\Users\User1\Downloads\OneDrive_1_02-06-2026 (1)\ESCOLA MUNICIPAL MARIA SEMEDO DE ANDRADE\Consolidado Saex - 3º ANO.pdf,Matemática,19,D067_M,"Utilizar números naturais, envolvendo diferentes significados da multiplicação ou da divisão, na resolução de problemas."
ESCOLA MUNICIPAL MARIA SEMEDO DE ANDRADE,MENDES,RIO DE JANEIRO,3º ANO,C:\Users\User1\Downloads\OneDrive_1_02-06-2026 (1)\ESCOLA MUNICIPAL MARIA SEMEDO DE ANDRADE\Consolidado Saex - 3º ANO.pdf,Matemática,60,D066_M,"Utilizar números naturais, envolvendo diferentes significados da adição ou da subtração, na resolução de problemas."
ESCOLA MUNICIPAL MARIA SEMEDO DE ANDRADE,MENDES,RIO DE JANEIRO,3º ANO,C:\Users\User1\Downloads\OneDrive_1_02-06-2026 (1)\ESCOLA MUNICIPAL MARIA SEMEDO DE ANDRADE\Consolidado Saex - 3º ANO.pdf,Matemática,58,D033_M,Identificar representações de figuras tridimensionais.
ESCOLA MUNICIPAL MARIA SEMEDO DE ANDRADE,MENDES,RIO DE JANEIRO,3º ANO,C:\Users\User1\Downloads\OneDrive_1_02-06-2026 (1)\ESCOLA MUNICIPAL MARIA SEMEDO DE ANDRADE\Consolidado Saex - 3º ANO.pdf,Matemática,52,D022_M,Identificar a localização ou a movimentação de pessoas ou objetos em uma representação plana do espaço.
ESCOLA MUNICIPAL MARIA SEMEDO DE ANDRADE,MENDES,RIO DE JANEIRO,3º ANO,C:\Users\User1\Downloads\OneDrive_1_02-06-2026 (1)\ESCOLA MUNICIPAL MARIA SEMEDO DE ANDRADE\Consolidado Saex - 3º ANO.pdf,Matemática,62,D042_M,Reconhecer características do sistema de numeração decimal.
ESCOLA MUNICIPAL MARIA SEMEDO DE ANDRADE,MENDES,RIO DE JANEIRO,3º ANO,C:\Users\User1\Downloads\OneDrive_1_02-06-2026 (1)\ESCOLA MUNICIPAL MARIA SEMEDO DE ANDRADE\Consolidado Saex - 3º ANO.pdf,Matemática,85,D024_M,Identificar dados apresentados por meio de gráficos.
ESCOLA MUNICIPAL MARIA SEMEDO DE ANDRADE,MENDES,RIO DE JANEIRO,3º ANO,C:\Users\User1\Downloads\OneDrive_1_02-06-2026 (1)\ESCOLA MUNICIPAL MARIA SEMEDO DE ANDRADE\Consolidado Saex - 3º ANO.pdf,Matemática,81,D029_M,Identificar números naturais segundo critérios de ordem.
ESCOLA MUNICIPAL MARIA SEMEDO DE ANDRADE,MENDES,RIO DE JANEIRO,3º ANO,C:\Users\User1\Downloads\OneDrive_1_02-06-2026 (1)\ESCOLA MUNICIPAL MARIA SEMEDO DE ANDRADE\Consolidado Saex - 3º ANO.pdf,Matemática,81,D023_M,Identificar composições ou decomposições de números naturais.
ESCOLA MUNICIPAL MARIA SEMEDO DE ANDRADE,MENDES,RIO DE JANEIRO,3º ANO,C:\Users\User1\Downloads\OneDrive_1_02-06-2026 (1)\ESCOLA MUNICIPAL MARIA SEMEDO DE ANDRADE\Consolidado Saex - 3º ANO.pdf,Matemática,98,D032_M,Identificar representações de figuras bidimensionais.
ESCOLA MUNICIPAL MARIA SEMEDO DE ANDRADE,MENDES,RIO DE JANEIRO,3º ANO,C:\Users\User1\Downloads\OneDrive_1_02-06-2026 (1)\ESCOLA MUNICIPAL MARIA SEMEDO DE ANDRADE\Consolidado Saex - 3º ANO.pdf,Matemática,88,D028_M,"Identificar instrumentos utilizados para medir determinadas grandezas (massa, comprimento, capacidade, tempo e temperatura)."
ESCOLA MUNICIPAL MARIA SEMEDO DE ANDRADE,MENDES,RIO DE JANEIRO,3º ANO,C:\Users\User1\Downloads\OneDrive_1_02-06-2026 (1)\ESCOLA MUNICIPAL MARIA SEMEDO DE ANDRADE\Consolidado Saex - 3º ANO.pdf,Matemática,85,D005_M,Corresponder cédulas e/ou moedas do Sistema Monetário Brasileiro.
ESCOLA MUNICIPAL MARIA SEMEDO DE ANDRADE,MENDES,RIO DE JANEIRO,3º ANO,C:\Users\User1\Downloads\OneDrive_1_02-06-2026 (1)\ESCOLA MUNICIPAL MARIA SEMEDO DE ANDRADE\Consolidado Saex - 3º ANO.pdf,Matemática,77,D017_M,Executar adição ou subtração com números naturais.
ESCOLA MUNICIPAL MARIA SEMEDO DE ANDRADE,MENDES,RIO DE JANEIRO,3º ANO,C:\Users\User1\Downloads\OneDrive_1_02-06-2026 (1)\ESCOLA MUNICIPAL MARIA SEMEDO DE ANDRADE\Consolidado Saex - 3º ANO.pdf,Matemática,75,D027_M,Identificar informações a partir de dados dispostos em tabelas.
ESCOLA MUNICIPAL MARIA SEMEDO DE ANDRADE,MENDES,RIO DE JANEIRO,4º ANO,C:\Users\User1\Downloads\OneDrive_1_02-06-2026 (1)\ESCOLA MUNICIPAL MARIA SEMEDO DE ANDRADE\Consolidado Saex - 4º ANO.pdf,Língua Portuguesa,100,D009_P,Ler palavras formadas por sílabas canônicas.
ESCOLA MUNICIPAL MARIA SEMEDO DE ANDRADE,MENDES,RIO DE JANEIRO,4º ANO,C:\Users\User1\Downloads\OneDrive_1_02-06-2026 (1)\ESCOLA MUNICIPAL MARIA SEMEDO DE ANDRADE\Consolidado Saex - 4º ANO.pdf,Língua Portuguesa,96,D010_P,Ler palavras formadas por sílabas não canônicas.
ESCOLA MUNICIPAL MARIA SEMEDO DE ANDRADE,MENDES,RIO DE JANEIRO,4º ANO,C:\Users\User1\Downloads\OneDrive_1_02-06-2026 (1)\ESCOLA MUNICIPAL MARIA SEMEDO DE ANDRADE\Consolidado Saex - 4º ANO.pdf,Língua Portuguesa,91,D006_P,Identificar rimas.
ESCOLA MUNICIPAL MARIA SEMEDO DE ANDRADE,MENDES,RIO DE JANEIRO,4º ANO,C:\Users\User1\Downloads\OneDrive_1_02-06-2026 (1)\ESCOLA MUNICIPAL MARIA SEMEDO DE ANDRADE\Consolidado Saex - 4º ANO.pdf,Língua Portuguesa,87,D017_P,Reconhecer o gênero de um texto.
ESCOLA MUNICIPAL MARIA SEMEDO DE ANDRADE,MENDES,RIO DE JANEIRO,4º ANO,C:\Users\User1\Downloads\OneDrive_1_02-06-2026 (1)\ESCOLA MUNICIPAL MARIA SEMEDO DE ANDRADE\Consolidado Saex - 4º ANO.pdf,Língua Portuguesa,87,D030_P,Reconhecer os elementos que compõem uma narrativa e o conflito gerador.
ESCOLA MUNICIPAL MARIA SEMEDO DE ANDRADE,MENDES,RIO DE JANEIRO,4º ANO,C:\Users\User1\Downloads\OneDrive_1_02-06-2026 (1)\ESCOLA MUNICIPAL MARIA SEMEDO DE ANDRADE\Consolidado Saex - 4º ANO.pdf,Língua Portuguesa,83,D007_P,Identificar o número de sílabas de uma palavra.
ESCOLA MUNICIPAL MARIA SEMEDO DE ANDRADE,MENDES,RIO DE JANEIRO,4º ANO,C:\Users\User1\Downloads\OneDrive_1_02-06-2026 (1)\ESCOLA MUNICIPAL MARIA SEMEDO DE ANDRADE\Consolidado Saex - 4º ANO.pdf,Língua Portuguesa,65,D028_P,Reconhecer o assunto de um texto lido.
ESCOLA MUNICIPAL MARIA SEMEDO DE ANDRADE,MENDES,RIO DE JANEIRO,4º ANO,C:\Users\User1\Downloads\OneDrive_1_02-06-2026 (1)\ESCOLA MUNICIPAL MARIA SEMEDO DE ANDRADE\Consolidado Saex - 4º ANO.pdf,Língua Portuguesa,57,D012_P,"Identificar efeito de sentido decorrente de recursos gráficos, seleção lexical e repetição."
ESCOLA MUNICIPAL MARIA SEMEDO DE ANDRADE,MENDES,RIO DE JANEIRO,4º ANO,C:\Users\User1\Downloads\OneDrive_1_02-06-2026 (1)\ESCOLA MUNICIPAL MARIA SEMEDO DE ANDRADE\Consolidado Saex - 4º ANO.pdf,Língua Portuguesa,54,D021_P,Localizar informação explícita.
ESCOLA MUNICIPAL MARIA SEMEDO DE ANDRADE,MENDES,RIO DE JANEIRO,4º ANO,C:\Users\User1\Downloads\OneDrive_1_02-06-2026 (1)\ESCOLA MUNICIPAL MARIA SEMEDO DE ANDRADE\Consolidado Saex - 4º ANO.pdf,Língua Portuguesa,50,D037_P,"Reconhecer as relações entre partes de um texto, identificando os recursos coesivos que contribuem para a sua continuidade."
ESCOLA MUNICIPAL MARIA SEMEDO DE ANDRADE,MENDES,RIO DE JANEIRO,4º ANO,C:\Users\User1\Downloads\OneDrive_1_02-06-2026 (1)\ESCOLA MUNICIPAL MARIA SEMEDO DE ANDRADE\Consolidado Saex - 4º ANO.pdf,Língua Portuguesa,48,D025_P,Reconhecer efeitos de sentido decorrentes do uso ou função da pontuação e de outras notações.
ESCOLA MUNICIPAL MARIA SEMEDO DE ANDRADE,MENDES,RIO DE JANEIRO,4º ANO,C:\Users\User1\Downloads\OneDrive_1_02-06-2026 (1)\ESCOLA MUNICIPAL MARIA SEMEDO DE ANDRADE\Consolidado Saex - 4º ANO.pdf,Língua Portuguesa,43,D022_P,Inferir o sentido de palavra ou expressão a partir do contexto.
ESCOLA MUNICIPAL MARIA SEMEDO DE ANDRADE,MENDES,RIO DE JANEIRO,4º ANO,C:\Users\User1\Downloads\OneDrive_1_02-06-2026 (1)\ESCOLA MUNICIPAL MARIA SEMEDO DE ANDRADE\Consolidado Saex - 4º ANO.pdf,Língua Portuguesa,43,D023_P,Inferir informações em textos.
ESCOLA MUNICIPAL MARIA SEMEDO DE ANDRADE,MENDES,RIO DE JANEIRO,4º ANO,C:\Users\User1\Downloads\OneDrive_1_02-06-2026 (1)\ESCOLA MUNICIPAL MARIA SEMEDO DE ANDRADE\Consolidado Saex - 4º ANO.pdf,Língua Portuguesa,43,D016_P,Identificar a finalidade de textos de diferentes gêneros. (Matemática):
ESCOLA MUNICIPAL MARIA SEMEDO DE ANDRADE,MENDES,RIO DE JANEIRO,4º ANO,C:\Users\User1\Downloads\OneDrive_1_02-06-2026 (1)\ESCOLA MUNICIPAL MARIA SEMEDO DE ANDRADE\Consolidado Saex - 4º ANO.pdf,Matemática,30,D028_M,"Identificar instrumentos utilizados para medir determinadas grandezas (massa, comprimento, capacidade, tempo e temperatura)."
ESCOLA MUNICIPAL MARIA SEMEDO DE ANDRADE,MENDES,RIO DE JANEIRO,4º ANO,C:\Users\User1\Downloads\OneDrive_1_02-06-2026 (1)\ESCOLA MUNICIPAL MARIA SEMEDO DE ANDRADE\Consolidado Saex - 4º ANO.pdf,Matemática,26,D011_M,Corresponder o horário de início e de término com o intervalo de duração de um evento ou acontecimento.
ESCOLA MUNICIPAL MARIA SEMEDO DE ANDRADE,MENDES,RIO DE JANEIRO,4º ANO,C:\Users\User1\Downloads\OneDrive_1_02-06-2026 (1)\ESCOLA MUNICIPAL MARIA SEMEDO DE ANDRADE\Consolidado Saex - 4º ANO.pdf,Matemática,39,D067_M,"Utilizar números naturais, envolvendo diferentes significados da multiplicação ou da divisão, na resolução de problemas."
ESCOLA MUNICIPAL MARIA SEMEDO DE ANDRADE,MENDES,RIO DE JANEIRO,4º ANO,C:\Users\User1\Downloads\OneDrive_1_02-06-2026 (1)\ESCOLA MUNICIPAL MARIA SEMEDO DE ANDRADE\Consolidado Saex - 4º ANO.pdf,Matemática,37,D045_M,Reconhecer horas em relógios digitais e/ou analógicos.
ESCOLA MUNICIPAL MARIA SEMEDO DE ANDRADE,MENDES,RIO DE JANEIRO,4º ANO,C:\Users\User1\Downloads\OneDrive_1_02-06-2026 (1)\ESCOLA MUNICIPAL MARIA SEMEDO DE ANDRADE\Consolidado Saex - 4º ANO.pdf,Matemática,37,D056_M,Utilizar conversão entre unidades de medidas de tempo na resolução de problema.
ESCOLA MUNICIPAL MARIA SEMEDO DE ANDRADE,MENDES,RIO DE JANEIRO,4º ANO,C:\Users\User1\Downloads\OneDrive_1_02-06-2026 (1)\ESCOLA MUNICIPAL MARIA SEMEDO DE ANDRADE\Consolidado Saex - 4º ANO.pdf,Matemática,52,D029_M,Identificar números naturais segundo critérios de ordem.
ESCOLA MUNICIPAL MARIA SEMEDO DE ANDRADE,MENDES,RIO DE JANEIRO,4º ANO,C:\Users\User1\Downloads\OneDrive_1_02-06-2026 (1)\ESCOLA MUNICIPAL MARIA SEMEDO DE ANDRADE\Consolidado Saex - 4º ANO.pdf,Matemática,74,D023_M,Identificar composições ou decomposições de números naturais.
ESCOLA MUNICIPAL MARIA SEMEDO DE ANDRADE,MENDES,RIO DE JANEIRO,4º ANO,C:\Users\User1\Downloads\OneDrive_1_02-06-2026 (1)\ESCOLA MUNICIPAL MARIA SEMEDO DE ANDRADE\Consolidado Saex - 4º ANO.pdf,Matemática,74,D024_M,Identificar dados apresentados por meio de gráficos.
ESCOLA MUNICIPAL MARIA SEMEDO DE ANDRADE,MENDES,RIO DE JANEIRO,4º ANO,C:\Users\User1\Downloads\OneDrive_1_02-06-2026 (1)\ESCOLA MUNICIPAL MARIA SEMEDO DE ANDRADE\Consolidado Saex - 4º ANO.pdf,Matemática,67,D007_M,Corresponder números naturais a pontos da reta numérica.
ESCOLA MUNICIPAL MARIA SEMEDO DE ANDRADE,MENDES,RIO DE JANEIRO,4º ANO,C:\Users\User1\Downloads\OneDrive_1_02-06-2026 (1)\ESCOLA MUNICIPAL MARIA SEMEDO DE ANDRADE\Consolidado Saex - 4º ANO.pdf,Matemática,100,D008_M,Corresponder números naturais à sua escrita por extenso.
ESCOLA MUNICIPAL MARIA SEMEDO DE ANDRADE,MENDES,RIO DE JANEIRO,4º ANO,C:\Users\User1\Downloads\OneDrive_1_02-06-2026 (1)\ESCOLA MUNICIPAL MARIA SEMEDO DE ANDRADE\Consolidado Saex - 4º ANO.pdf,Matemática,100,D033_M,Identificar representações de figuras tridimensionais.
ESCOLA MUNICIPAL MARIA SEMEDO DE ANDRADE,MENDES,RIO DE JANEIRO,4º ANO,C:\Users\User1\Downloads\OneDrive_1_02-06-2026 (1)\ESCOLA MUNICIPAL MARIA SEMEDO DE ANDRADE\Consolidado Saex - 4º ANO.pdf,Matemática,87,D022_M,Identificar a localização ou a movimentação de pessoas ou objetos em uma representação plana do espaço.
ESCOLA MUNICIPAL MARIA SEMEDO DE ANDRADE,MENDES,RIO DE JANEIRO,4º ANO,C:\Users\User1\Downloads\OneDrive_1_02-06-2026 (1)\ESCOLA MUNICIPAL MARIA SEMEDO DE ANDRADE\Consolidado Saex - 4º ANO.pdf,Matemática,87,D027_M,Identificar informações a partir de dados dispostos em tabelas.
ESCOLA MUNICIPAL MARIA SEMEDO DE ANDRADE,MENDES,RIO DE JANEIRO,4º ANO,C:\Users\User1\Downloads\OneDrive_1_02-06-2026 (1)\ESCOLA MUNICIPAL MARIA SEMEDO DE ANDRADE\Consolidado Saex - 4º ANO.pdf,Matemática,87,D017_M,Executar adição ou subtração com números naturais.
ESCOLA MUNICIPAL MARIA SEMEDO DE ANDRADE,MENDES,RIO DE JANEIRO,4º ANO,C:\Users\User1\Downloads\OneDrive_1_02-06-2026 (1)\ESCOLA MUNICIPAL MARIA SEMEDO DE ANDRADE\Consolidado Saex - 4º ANO.pdf,Matemática,61,D042_M,Reconhecer características do sistema de numeração decimal.
ESCOLA MUNICIPAL MARIA SEMEDO DE ANDRADE,MENDES,RIO DE JANEIRO,4º ANO,C:\Users\User1\Downloads\OneDrive_1_02-06-2026 (1)\ESCOLA MUNICIPAL MARIA SEMEDO DE ANDRADE\Consolidado Saex - 4º ANO.pdf,Matemática,59,D066_M,"Utilizar números naturais, envolvendo diferentes significados da adição ou da subtração, na resolução de problemas."
ESCOLA MUNICIPAL MARIA SEMEDO DE ANDRADE,MENDES,RIO DE JANEIRO,5º ANO,C:\Users\User1\Downloads\OneDrive_1_02-06-2026 (1)\ESCOLA MUNICIPAL MARIA SEMEDO DE ANDRADE\Consolidado Saex - 5º ANO.pdf,Língua Portuguesa,66,D017_P,Reconhecer o gênero de um texto.
ESCOLA MUNICIPAL MARIA SEMEDO DE ANDRADE,MENDES,RIO DE JANEIRO,5º ANO,C:\Users\User1\Downloads\OneDrive_1_02-06-2026 (1)\ESCOLA MUNICIPAL MARIA SEMEDO DE ANDRADE\Consolidado Saex - 5º ANO.pdf,Língua Portuguesa,52,D023_P,Inferir informações em textos.
ESCOLA MUNICIPAL MARIA SEMEDO DE ANDRADE,MENDES,RIO DE JANEIRO,5º ANO,C:\Users\User1\Downloads\OneDrive_1_02-06-2026 (1)\ESCOLA MUNICIPAL MARIA SEMEDO DE ANDRADE\Consolidado Saex - 5º ANO.pdf,Língua Portuguesa,49,D030_P,Reconhecer os elementos que compõem uma narrativa e o conflito gerador.
ESCOLA MUNICIPAL MARIA SEMEDO DE ANDRADE,MENDES,RIO DE JANEIRO,5º ANO,C:\Users\User1\Downloads\OneDrive_1_02-06-2026 (1)\ESCOLA MUNICIPAL MARIA SEMEDO DE ANDRADE\Consolidado Saex - 5º ANO.pdf,Língua Portuguesa,48,D021_P,Localizar informação explícita.
ESCOLA MUNICIPAL MARIA SEMEDO DE ANDRADE,MENDES,RIO DE JANEIRO,5º ANO,C:\Users\User1\Downloads\OneDrive_1_02-06-2026 (1)\ESCOLA MUNICIPAL MARIA SEMEDO DE ANDRADE\Consolidado Saex - 5º ANO.pdf,Língua Portuguesa,48,D037_P,"Reconhecer as relações entre partes de um texto, identificando os recursos coesivos que contribuem para a sua continuidade."
ESCOLA MUNICIPAL MARIA SEMEDO DE ANDRADE,MENDES,RIO DE JANEIRO,5º ANO,C:\Users\User1\Downloads\OneDrive_1_02-06-2026 (1)\ESCOLA MUNICIPAL MARIA SEMEDO DE ANDRADE\Consolidado Saex - 5º ANO.pdf,Língua Portuguesa,47,D016_P,Identificar a finalidade de textos de diferentes gêneros.
ESCOLA MUNICIPAL MARIA SEMEDO DE ANDRADE,MENDES,RIO DE JANEIRO,5º ANO,C:\Users\User1\Downloads\OneDrive_1_02-06-2026 (1)\ESCOLA MUNICIPAL MARIA SEMEDO DE ANDRADE\Consolidado Saex - 5º ANO.pdf,Língua Portuguesa,46,D057_P,Interpretar textos que articulam elementos verbais e não verbais.
ESCOLA MUNICIPAL MARIA SEMEDO DE ANDRADE,MENDES,RIO DE JANEIRO,5º ANO,C:\Users\User1\Downloads\OneDrive_1_02-06-2026 (1)\ESCOLA MUNICIPAL MARIA SEMEDO DE ANDRADE\Consolidado Saex - 5º ANO.pdf,Língua Portuguesa,41,D012_P,"Identificar efeito de sentido decorrente de recursos gráficos, seleção lexical e repetição."
ESCOLA MUNICIPAL MARIA SEMEDO DE ANDRADE,MENDES,RIO DE JANEIRO,5º ANO,C:\Users\User1\Downloads\OneDrive_1_02-06-2026 (1)\ESCOLA MUNICIPAL MARIA SEMEDO DE ANDRADE\Consolidado Saex - 5º ANO.pdf,Língua Portuguesa,39,D022_P,Inferir o sentido de palavra ou expressão a partir do contexto.
ESCOLA MUNICIPAL MARIA SEMEDO DE ANDRADE,MENDES,RIO DE JANEIRO,5º ANO,C:\Users\User1\Downloads\OneDrive_1_02-06-2026 (1)\ESCOLA MUNICIPAL MARIA SEMEDO DE ANDRADE\Consolidado Saex - 5º ANO.pdf,Língua Portuguesa,33,D039_P,Reconhecer o sentido das relações lógico-discursivas em um texto.
ESCOLA MUNICIPAL MARIA SEMEDO DE ANDRADE,MENDES,RIO DE JANEIRO,5º ANO,C:\Users\User1\Downloads\OneDrive_1_02-06-2026 (1)\ESCOLA MUNICIPAL MARIA SEMEDO DE ANDRADE\Consolidado Saex - 5º ANO.pdf,Língua Portuguesa,28,D028_P,Reconhecer o assunto de um texto lido. (Matemática):
ESCOLA MUNICIPAL MARIA SEMEDO DE ANDRADE,MENDES,RIO DE JANEIRO,5º ANO,C:\Users\User1\Downloads\OneDrive_1_02-06-2026 (1)\ESCOLA MUNICIPAL MARIA SEMEDO DE ANDRADE\Consolidado Saex - 5º ANO.pdf,Matemática,82,D033_M,Identificar representações de figuras tridimensionais.
ESCOLA MUNICIPAL MARIA SEMEDO DE ANDRADE,MENDES,RIO DE JANEIRO,5º ANO,C:\Users\User1\Downloads\OneDrive_1_02-06-2026 (1)\ESCOLA MUNICIPAL MARIA SEMEDO DE ANDRADE\Consolidado Saex - 5º ANO.pdf,Matemática,93,D022_M,Identificar a localização ou a movimentação de pessoas ou objetos em uma representação plana do espaço.
ESCOLA MUNICIPAL MARIA SEMEDO DE ANDRADE,MENDES,RIO DE JANEIRO,5º ANO,C:\Users\User1\Downloads\OneDrive_1_02-06-2026 (1)\ESCOLA MUNICIPAL MARIA SEMEDO DE ANDRADE\Consolidado Saex - 5º ANO.pdf,Matemática,86,D008_M,Corresponder números naturais à sua escrita por extenso.
ESCOLA MUNICIPAL MARIA SEMEDO DE ANDRADE,MENDES,RIO DE JANEIRO,5º ANO,C:\Users\User1\Downloads\OneDrive_1_02-06-2026 (1)\ESCOLA MUNICIPAL MARIA SEMEDO DE ANDRADE\Consolidado Saex - 5º ANO.pdf,Matemática,18,D080_M,Utilizar perímetro de figuras bidimensionais na resolução de problema.
ESCOLA MUNICIPAL MARIA SEMEDO DE ANDRADE,MENDES,RIO DE JANEIRO,5º ANO,C:\Users\User1\Downloads\OneDrive_1_02-06-2026 (1)\ESCOLA MUNICIPAL MARIA SEMEDO DE ANDRADE\Consolidado Saex - 5º ANO.pdf,Matemática,7,D026_M,Identificar frações equivalentes.
ESCOLA MUNICIPAL MARIA SEMEDO DE ANDRADE,MENDES,RIO DE JANEIRO,5º ANO,C:\Users\User1\Downloads\OneDrive_1_02-06-2026 (1)\ESCOLA MUNICIPAL MARIA SEMEDO DE ANDRADE\Consolidado Saex - 5º ANO.pdf,Matemática,21,D011_M,Corresponder o horário de início e de término com o intervalo de duração de um evento ou acontecimento.
ESCOLA MUNICIPAL MARIA SEMEDO DE ANDRADE,MENDES,RIO DE JANEIRO,5º ANO,C:\Users\User1\Downloads\OneDrive_1_02-06-2026 (1)\ESCOLA MUNICIPAL MARIA SEMEDO DE ANDRADE\Consolidado Saex - 5º ANO.pdf,Matemática,18,D010_M,Corresponder números racionais na representação decimal à sua escrita por extenso.
ESCOLA MUNICIPAL MARIA SEMEDO DE ANDRADE,MENDES,RIO DE JANEIRO,5º ANO,C:\Users\User1\Downloads\OneDrive_1_02-06-2026 (1)\ESCOLA MUNICIPAL MARIA SEMEDO DE ANDRADE\Consolidado Saex - 5º ANO.pdf,Matemática,18,D055_M,"Utilizar conversão entre unidades de medida, na resolução de problema."
ESCOLA MUNICIPAL MARIA SEMEDO DE ANDRADE,MENDES,RIO DE JANEIRO,5º ANO,C:\Users\User1\Downloads\OneDrive_1_02-06-2026 (1)\ESCOLA MUNICIPAL MARIA SEMEDO DE ANDRADE\Consolidado Saex - 5º ANO.pdf,Matemática,34,D031_M,"Identificar polígonos de acordo com as características dos seus lados, vértices e ângulos internos."
ESCOLA MUNICIPAL MARIA SEMEDO DE ANDRADE,MENDES,RIO DE JANEIRO,5º ANO,C:\Users\User1\Downloads\OneDrive_1_02-06-2026 (1)\ESCOLA MUNICIPAL MARIA SEMEDO DE ANDRADE\Consolidado Saex - 5º ANO.pdf,Matemática,54,D066_M,"Utilizar números naturais, envolvendo diferentes significados da adição ou da subtração, na resolução de problemas."
ESCOLA MUNICIPAL MARIA SEMEDO DE ANDRADE,MENDES,RIO DE JANEIRO,5º ANO,C:\Users\User1\Downloads\OneDrive_1_02-06-2026 (1)\ESCOLA MUNICIPAL MARIA SEMEDO DE ANDRADE\Consolidado Saex - 5º ANO.pdf,Matemática,39,D007_M,Corresponder números naturais a pontos da reta numérica.
ESCOLA MUNICIPAL MARIA SEMEDO DE ANDRADE,MENDES,RIO DE JANEIRO,5º ANO,C:\Users\User1\Downloads\OneDrive_1_02-06-2026 (1)\ESCOLA MUNICIPAL MARIA SEMEDO DE ANDRADE\Consolidado Saex - 5º ANO.pdf,Matemática,39,D044_M,Reconhecer fração como representação associada a diferentes significados.
ESCOLA MUNICIPAL MARIA SEMEDO DE ANDRADE,MENDES,RIO DE JANEIRO,5º ANO,C:\Users\User1\Downloads\OneDrive_1_02-06-2026 (1)\ESCOLA MUNICIPAL MARIA SEMEDO DE ANDRADE\Consolidado Saex - 5º ANO.pdf,Matemática,79,D012_M,Corresponder objetos em uma representação plana do espaço à sua localização descrita por meio de um par ordenado.
ESCOLA MUNICIPAL MARIA SEMEDO DE ANDRADE,MENDES,RIO DE JANEIRO,5º ANO,C:\Users\User1\Downloads\OneDrive_1_02-06-2026 (1)\ESCOLA MUNICIPAL MARIA SEMEDO DE ANDRADE\Consolidado Saex - 5º ANO.pdf,Matemática,68,D015_M,Determinar o número desconhecido que torna verdadeira uma igualdade matemática envolvendo representação simbólica.
ESCOLA MUNICIPAL MARIA SEMEDO DE ANDRADE,MENDES,RIO DE JANEIRO,5º ANO,C:\Users\User1\Downloads\OneDrive_1_02-06-2026 (1)\ESCOLA MUNICIPAL MARIA SEMEDO DE ANDRADE\Consolidado Saex - 5º ANO.pdf,Matemática,61,D009_M,Corresponder números racionais a pontos da reta numérica.
ESCOLA MUNICIPAL MARIA SEMEDO DE ANDRADE,MENDES,RIO DE JANEIRO,5º ANO,C:\Users\User1\Downloads\OneDrive_1_02-06-2026 (1)\ESCOLA MUNICIPAL MARIA SEMEDO DE ANDRADE\Consolidado Saex - 5º ANO.pdf,Matemática,61,D065_M,"Utilizar números naturais e racionais, envolvendo diferentes significados da adição ou da subtração, na resolução de problemas."
ESCOLA MUNICIPAL MARIA SEMEDO DE ANDRADE,MENDES,RIO DE JANEIRO,5º ANO,C:\Users\User1\Downloads\OneDrive_1_02-06-2026 (1)\ESCOLA MUNICIPAL MARIA SEMEDO DE ANDRADE\Consolidado Saex - 5º ANO.pdf,Matemática,57,D042_M,Reconhecer características do sistema de numeração decimal.
ESCOLA MUNICIPAL MARIA SEMEDO DE ANDRADE,MENDES,RIO DE JANEIRO,5º ANO,C:\Users\User1\Downloads\OneDrive_1_02-06-2026 (1)\ESCOLA MUNICIPAL MARIA SEMEDO DE ANDRADE\Consolidado Saex - 5º ANO.pdf,Matemática,38,D045_M,Reconhecer horas em relógios digitais e/ou analógicos.
ESCOLA MUNICIPAL MARIA SEMEDO DE ANDRADE,MENDES,RIO DE JANEIRO,5º ANO,C:\Users\User1\Downloads\OneDrive_1_02-06-2026 (1)\ESCOLA MUNICIPAL MARIA SEMEDO DE ANDRADE\Consolidado Saex - 5º ANO.pdf,Matemática,36,D037_M,"Identificar uma sequência crescente ou decrescente, dentre uma coleção de sequências de números naturais."
ESCOLA MUNICIPALIADA JAYME SICILIANO,MENDES,RIO DE JANEIRO,2º ANO,C:\Users\User1\Downloads\OneDrive_1_02-06-2026 (1)\ESCOLA MUNICIPALIADA JAYME SICILIANO\Consolidado Saex - 2º ANO.pdf,Língua Portuguesa,90,D010_P,Ler palavras formadas por sílabas não canônicas.
ESCOLA MUNICIPALIADA JAYME SICILIANO,MENDES,RIO DE JANEIRO,2º ANO,C:\Users\User1\Downloads\OneDrive_1_02-06-2026 (1)\ESCOLA MUNICIPALIADA JAYME SICILIANO\Consolidado Saex - 2º ANO.pdf,Língua Portuguesa,86,D007_P,Identificar o número de sílabas de uma palavra.
ESCOLA MUNICIPALIADA JAYME SICILIANO,MENDES,RIO DE JANEIRO,2º ANO,C:\Users\User1\Downloads\OneDrive_1_02-06-2026 (1)\ESCOLA MUNICIPALIADA JAYME SICILIANO\Consolidado Saex - 2º ANO.pdf,Língua Portuguesa,86,D002_P,Reconhecer as letras do alfabeto.
ESCOLA MUNICIPALIADA JAYME SICILIANO,MENDES,RIO DE JANEIRO,2º ANO,C:\Users\User1\Downloads\OneDrive_1_02-06-2026 (1)\ESCOLA MUNICIPALIADA JAYME SICILIANO\Consolidado Saex - 2º ANO.pdf,Língua Portuguesa,85,D009_P,Ler palavras formadas por sílabas canônicas.
ESCOLA MUNICIPALIADA JAYME SICILIANO,MENDES,RIO DE JANEIRO,2º ANO,C:\Users\User1\Downloads\OneDrive_1_02-06-2026 (1)\ESCOLA MUNICIPALIADA JAYME SICILIANO\Consolidado Saex - 2º ANO.pdf,Língua Portuguesa,81,D003_P,Reconhecer as diferentes formas de grafar uma mesma letra ou palavra.
ESCOLA MUNICIPALIADA JAYME SICILIANO,MENDES,RIO DE JANEIRO,2º ANO,C:\Users\User1\Downloads\OneDrive_1_02-06-2026 (1)\ESCOLA MUNICIPALIADA JAYME SICILIANO\Consolidado Saex - 2º ANO.pdf,Língua Portuguesa,67,D014_P,Identificar variações de sons de grafemas.
ESCOLA MUNICIPALIADA JAYME SICILIANO,MENDES,RIO DE JANEIRO,2º ANO,C:\Users\User1\Downloads\OneDrive_1_02-06-2026 (1)\ESCOLA MUNICIPALIADA JAYME SICILIANO\Consolidado Saex - 2º ANO.pdf,Língua Portuguesa,63,D017_P,Reconhecer o gênero de um texto.
ESCOLA MUNICIPALIADA JAYME SICILIANO,MENDES,RIO DE JANEIRO,2º ANO,C:\Users\User1\Downloads\OneDrive_1_02-06-2026 (1)\ESCOLA MUNICIPALIADA JAYME SICILIANO\Consolidado Saex - 2º ANO.pdf,Língua Portuguesa,60,D016_P,Identificar a finalidade de textos de diferentes gêneros.
ESCOLA MUNICIPALIADA JAYME SICILIANO,MENDES,RIO DE JANEIRO,2º ANO,C:\Users\User1\Downloads\OneDrive_1_02-06-2026 (1)\ESCOLA MUNICIPALIADA JAYME SICILIANO\Consolidado Saex - 2º ANO.pdf,Língua Portuguesa,59,D008_P,Identificar sílabas de uma palavra.
ESCOLA MUNICIPALIADA JAYME SICILIANO,MENDES,RIO DE JANEIRO,2º ANO,C:\Users\User1\Downloads\OneDrive_1_02-06-2026 (1)\ESCOLA MUNICIPALIADA JAYME SICILIANO\Consolidado Saex - 2º ANO.pdf,Língua Portuguesa,58,D005_P,Identificar a unidade palavra em frases.
ESCOLA MUNICIPALIADA JAYME SICILIANO,MENDES,RIO DE JANEIRO,2º ANO,C:\Users\User1\Downloads\OneDrive_1_02-06-2026 (1)\ESCOLA MUNICIPALIADA JAYME SICILIANO\Consolidado Saex - 2º ANO.pdf,Língua Portuguesa,46,D013_P,Reconhecer o local de inserção de determinada palavra numa sequência em ordem alfabética.
ESCOLA MUNICIPALIADA JAYME SICILIANO,MENDES,RIO DE JANEIRO,2º ANO,C:\Users\User1\Downloads\OneDrive_1_02-06-2026 (1)\ESCOLA MUNICIPALIADA JAYME SICILIANO\Consolidado Saex - 2º ANO.pdf,Língua Portuguesa,43,D006_P,Identificar rimas.
ESCOLA MUNICIPALIADA JAYME SICILIANO,MENDES,RIO DE JANEIRO,2º ANO,C:\Users\User1\Downloads\OneDrive_1_02-06-2026 (1)\ESCOLA MUNICIPALIADA JAYME SICILIANO\Consolidado Saex - 2º ANO.pdf,Língua Portuguesa,26,D023_P,Inferir informações em textos. (Matemática):
ESCOLA MUNICIPALIADA JAYME SICILIANO,MENDES,RIO DE JANEIRO,2º ANO,C:\Users\User1\Downloads\OneDrive_1_02-06-2026 (1)\ESCOLA MUNICIPALIADA JAYME SICILIANO\Consolidado Saex - 2º ANO.pdf,Matemática,93,D033_M,Identificar representações de figuras tridimensionais.
ESCOLA MUNICIPALIADA JAYME SICILIANO,MENDES,RIO DE JANEIRO,2º ANO,C:\Users\User1\Downloads\OneDrive_1_02-06-2026 (1)\ESCOLA MUNICIPALIADA JAYME SICILIANO\Consolidado Saex - 2º ANO.pdf,Matemática,31,D056_M,Utilizar conversão entre unidades de medidas de tempo na resolução de problema.
ESCOLA MUNICIPALIADA JAYME SICILIANO,MENDES,RIO DE JANEIRO,2º ANO,C:\Users\User1\Downloads\OneDrive_1_02-06-2026 (1)\ESCOLA MUNICIPALIADA JAYME SICILIANO\Consolidado Saex - 2º ANO.pdf,Matemática,72,D016_M,Executar a contagem de um grupo de objetos/pessoas/animais.
ESCOLA MUNICIPALIADA JAYME SICILIANO,MENDES,RIO DE JANEIRO,2º ANO,C:\Users\User1\Downloads\OneDrive_1_02-06-2026 (1)\ESCOLA MUNICIPALIADA JAYME SICILIANO\Consolidado Saex - 2º ANO.pdf,Matemática,70,D004_M,Comparar ou ordenar quantidades pela contagem.
ESCOLA MUNICIPALIADA JAYME SICILIANO,MENDES,RIO DE JANEIRO,2º ANO,C:\Users\User1\Downloads\OneDrive_1_02-06-2026 (1)\ESCOLA MUNICIPALIADA JAYME SICILIANO\Consolidado Saex - 2º ANO.pdf,Matemática,66,D066_M,"Utilizar números naturais, envolvendo diferentes significados da adição ou da subtração, na resolução de problemas."
ESCOLA MUNICIPALIADA JAYME SICILIANO,MENDES,RIO DE JANEIRO,2º ANO,C:\Users\User1\Downloads\OneDrive_1_02-06-2026 (1)\ESCOLA MUNICIPALIADA JAYME SICILIANO\Consolidado Saex - 2º ANO.pdf,Matemática,91,D003_M,"Comparar ou ordenar o objeto/pessoa/animal por meio dos atributos de comprimento, altura, espessura e tamanho."
ESCOLA MUNICIPALIADA JAYME SICILIANO,MENDES,RIO DE JANEIRO,2º ANO,C:\Users\User1\Downloads\OneDrive_1_02-06-2026 (1)\ESCOLA MUNICIPALIADA JAYME SICILIANO\Consolidado Saex - 2º ANO.pdf,Matemática,90,D032_M,Identificar representações de figuras bidimensionais.
ESCOLA MUNICIPALIADA JAYME SICILIANO,MENDES,RIO DE JANEIRO,2º ANO,C:\Users\User1\Downloads\OneDrive_1_02-06-2026 (1)\ESCOLA MUNICIPALIADA JAYME SICILIANO\Consolidado Saex - 2º ANO.pdf,Matemática,81,D005_M,Corresponder cédulas e/ou moedas do Sistema Monetário Brasileiro.
ESCOLA MUNICIPALIADA JAYME SICILIANO,MENDES,RIO DE JANEIRO,2º ANO,C:\Users\User1\Downloads\OneDrive_1_02-06-2026 (1)\ESCOLA MUNICIPALIADA JAYME SICILIANO\Consolidado Saex - 2º ANO.pdf,Matemática,78,D029_M,Identificar números naturais segundo critérios de ordem.
ESCOLA MUNICIPALIADA JAYME SICILIANO,MENDES,RIO DE JANEIRO,2º ANO,C:\Users\User1\Downloads\OneDrive_1_02-06-2026 (1)\ESCOLA MUNICIPALIADA JAYME SICILIANO\Consolidado Saex - 2º ANO.pdf,Matemática,75,D027_M,Identificar informações a partir de dados dispostos em tabelas.
ESCOLA MUNICIPALIADA JAYME SICILIANO,MENDES,RIO DE JANEIRO,2º ANO,C:\Users\User1\Downloads\OneDrive_1_02-06-2026 (1)\ESCOLA MUNICIPALIADA JAYME SICILIANO\Consolidado Saex - 2º ANO.pdf,Matemática,61,D017_M,Executar adição ou subtração com números naturais.
ESCOLA MUNICIPALIADA JAYME SICILIANO,MENDES,RIO DE JANEIRO,2º ANO,C:\Users\User1\Downloads\OneDrive_1_02-06-2026 (1)\ESCOLA MUNICIPALIADA JAYME SICILIANO\Consolidado Saex - 2º ANO.pdf,Matemática,48,D022_M,Identificar a localização ou a movimentação de pessoas ou objetos em uma representação plana do espaço.
ESCOLA MUNICIPALIADA JAYME SICILIANO,MENDES,RIO DE JANEIRO,3º ANO,C:\Users\User1\Downloads\OneDrive_1_02-06-2026 (1)\ESCOLA MUNICIPALIADA JAYME SICILIANO\Consolidado Saex - 3º ANO.pdf,Língua Portuguesa,92,D007_P,Identificar o número de sílabas de uma palavra.
ESCOLA MUNICIPALIADA JAYME SICILIANO,MENDES,RIO DE JANEIRO,3º ANO,C:\Users\User1\Downloads\OneDrive_1_02-06-2026 (1)\ESCOLA MUNICIPALIADA JAYME SICILIANO\Consolidado Saex - 3º ANO.pdf,Língua Portuguesa,85,D009_P,Ler palavras formadas por sílabas canônicas.
ESCOLA MUNICIPALIADA JAYME SICILIANO,MENDES,RIO DE JANEIRO,3º ANO,C:\Users\User1\Downloads\OneDrive_1_02-06-2026 (1)\ESCOLA MUNICIPALIADA JAYME SICILIANO\Consolidado Saex - 3º ANO.pdf,Língua Portuguesa,84,D010_P,Ler palavras formadas por sílabas não canônicas.
ESCOLA MUNICIPALIADA JAYME SICILIANO,MENDES,RIO DE JANEIRO,3º ANO,C:\Users\User1\Downloads\OneDrive_1_02-06-2026 (1)\ESCOLA MUNICIPALIADA JAYME SICILIANO\Consolidado Saex - 3º ANO.pdf,Língua Portuguesa,84,D015_P,Ler frases.
ESCOLA MUNICIPALIADA JAYME SICILIANO,MENDES,RIO DE JANEIRO,3º ANO,C:\Users\User1\Downloads\OneDrive_1_02-06-2026 (1)\ESCOLA MUNICIPALIADA JAYME SICILIANO\Consolidado Saex - 3º ANO.pdf,Língua Portuguesa,78,D003_P,Reconhecer as diferentes formas de grafar uma mesma letra ou palavra.
ESCOLA MUNICIPALIADA JAYME SICILIANO,MENDES,RIO DE JANEIRO,3º ANO,C:\Users\User1\Downloads\OneDrive_1_02-06-2026 (1)\ESCOLA MUNICIPALIADA JAYME SICILIANO\Consolidado Saex - 3º ANO.pdf,Língua Portuguesa,78,D016_P,Identificar a finalidade de textos de diferentes gêneros.
ESCOLA MUNICIPALIADA JAYME SICILIANO,MENDES,RIO DE JANEIRO,3º ANO,C:\Users\User1\Downloads\OneDrive_1_02-06-2026 (1)\ESCOLA MUNICIPALIADA JAYME SICILIANO\Consolidado Saex - 3º ANO.pdf,Língua Portuguesa,78,D017_P,Reconhecer o gênero de um texto.
ESCOLA MUNICIPALIADA JAYME SICILIANO,MENDES,RIO DE JANEIRO,3º ANO,C:\Users\User1\Downloads\OneDrive_1_02-06-2026 (1)\ESCOLA MUNICIPALIADA JAYME SICILIANO\Consolidado Saex - 3º ANO.pdf,Língua Portuguesa,78,D030_P,Reconhecer os elementos que compõem uma narrativa e o conflito gerador.
ESCOLA MUNICIPALIADA JAYME SICILIANO,MENDES,RIO DE JANEIRO,3º ANO,C:\Users\User1\Downloads\OneDrive_1_02-06-2026 (1)\ESCOLA MUNICIPALIADA JAYME SICILIANO\Consolidado Saex - 3º ANO.pdf,Língua Portuguesa,77,D008_P,Identificar sílabas de uma palavra.
ESCOLA MUNICIPALIADA JAYME SICILIANO,MENDES,RIO DE JANEIRO,3º ANO,C:\Users\User1\Downloads\OneDrive_1_02-06-2026 (1)\ESCOLA MUNICIPALIADA JAYME SICILIANO\Consolidado Saex - 3º ANO.pdf,Língua Portuguesa,71,D005_P,Identificar a unidade palavra em frases.
ESCOLA MUNICIPALIADA JAYME SICILIANO,MENDES,RIO DE JANEIRO,3º ANO,C:\Users\User1\Downloads\OneDrive_1_02-06-2026 (1)\ESCOLA MUNICIPALIADA JAYME SICILIANO\Consolidado Saex - 3º ANO.pdf,Língua Portuguesa,62,D028_P,Reconhecer o assunto de um texto lido.
ESCOLA MUNICIPALIADA JAYME SICILIANO,MENDES,RIO DE JANEIRO,3º ANO,C:\Users\User1\Downloads\OneDrive_1_02-06-2026 (1)\ESCOLA MUNICIPALIADA JAYME SICILIANO\Consolidado Saex - 3º ANO.pdf,Língua Portuguesa,50,D012_P,"Identificar efeito de sentido decorrente de recursos gráficos, seleção lexical e repetição."
ESCOLA MUNICIPALIADA JAYME SICILIANO,MENDES,RIO DE JANEIRO,3º ANO,C:\Users\User1\Downloads\OneDrive_1_02-06-2026 (1)\ESCOLA MUNICIPALIADA JAYME SICILIANO\Consolidado Saex - 3º ANO.pdf,Língua Portuguesa,48,D021_P,Localizar informação explícita.
ESCOLA MUNICIPALIADA JAYME SICILIANO,MENDES,RIO DE JANEIRO,3º ANO,C:\Users\User1\Downloads\OneDrive_1_02-06-2026 (1)\ESCOLA MUNICIPALIADA JAYME SICILIANO\Consolidado Saex - 3º ANO.pdf,Língua Portuguesa,48,D023_P,Inferir informações em textos.
ESCOLA MUNICIPALIADA JAYME SICILIANO,MENDES,RIO DE JANEIRO,3º ANO,C:\Users\User1\Downloads\OneDrive_1_02-06-2026 (1)\ESCOLA MUNICIPALIADA JAYME SICILIANO\Consolidado Saex - 3º ANO.pdf,Língua Portuguesa,38,D006_P,Identificar rimas.
ESCOLA MUNICIPALIADA JAYME SICILIANO,MENDES,RIO DE JANEIRO,3º ANO,C:\Users\User1\Downloads\OneDrive_1_02-06-2026 (1)\ESCOLA MUNICIPALIADA JAYME SICILIANO\Consolidado Saex - 3º ANO.pdf,Língua Portuguesa,33,D014_P,Identificar variações de sons de grafemas. (Matemática):
ESCOLA MUNICIPALIADA JAYME SICILIANO,MENDES,RIO DE JANEIRO,3º ANO,C:\Users\User1\Downloads\OneDrive_1_02-06-2026 (1)\ESCOLA MUNICIPALIADA JAYME SICILIANO\Consolidado Saex - 3º ANO.pdf,Matemática,54,D066_M,"Utilizar números naturais, envolvendo diferentes significados da adição ou da subtração, na resolução de problemas."
ESCOLA MUNICIPALIADA JAYME SICILIANO,MENDES,RIO DE JANEIRO,3º ANO,C:\Users\User1\Downloads\OneDrive_1_02-06-2026 (1)\ESCOLA MUNICIPALIADA JAYME SICILIANO\Consolidado Saex - 3º ANO.pdf,Matemática,44,D067_M,"Utilizar números naturais, envolvendo diferentes significados da multiplicação ou da divisão, na resolução de problemas."
ESCOLA MUNICIPALIADA JAYME SICILIANO,MENDES,RIO DE JANEIRO,3º ANO,C:\Users\User1\Downloads\OneDrive_1_02-06-2026 (1)\ESCOLA MUNICIPALIADA JAYME SICILIANO\Consolidado Saex - 3º ANO.pdf,Matemática,60,D022_M,Identificar a localização ou a movimentação de pessoas ou objetos em uma representação plana do espaço.
ESCOLA MUNICIPALIADA JAYME SICILIANO,MENDES,RIO DE JANEIRO,3º ANO,C:\Users\User1\Downloads\OneDrive_1_02-06-2026 (1)\ESCOLA MUNICIPALIADA JAYME SICILIANO\Consolidado Saex - 3º ANO.pdf,Matemática,58,D042_M,Reconhecer características do sistema de numeração decimal.
ESCOLA MUNICIPALIADA JAYME SICILIANO,MENDES,RIO DE JANEIRO,3º ANO,C:\Users\User1\Downloads\OneDrive_1_02-06-2026 (1)\ESCOLA MUNICIPALIADA JAYME SICILIANO\Consolidado Saex - 3º ANO.pdf,Matemática,58,D056_M,Utilizar conversão entre unidades de medidas de tempo na resolução de problema.
ESCOLA MUNICIPALIADA JAYME SICILIANO,MENDES,RIO DE JANEIRO,3º ANO,C:\Users\User1\Downloads\OneDrive_1_02-06-2026 (1)\ESCOLA MUNICIPALIADA JAYME SICILIANO\Consolidado Saex - 3º ANO.pdf,Matemática,67,D033_M,Identificar representações de figuras tridimensionais.
ESCOLA MUNICIPALIADA JAYME SICILIANO,MENDES,RIO DE JANEIRO,3º ANO,C:\Users\User1\Downloads\OneDrive_1_02-06-2026 (1)\ESCOLA MUNICIPALIADA JAYME SICILIANO\Consolidado Saex - 3º ANO.pdf,Matemática,75,D029_M,Identificar números naturais segundo critérios de ordem.
ESCOLA MUNICIPALIADA JAYME SICILIANO,MENDES,RIO DE JANEIRO,3º ANO,C:\Users\User1\Downloads\OneDrive_1_02-06-2026 (1)\ESCOLA MUNICIPALIADA JAYME SICILIANO\Consolidado Saex - 3º ANO.pdf,Matemática,73,D027_M,Identificar informações a partir de dados dispostos em tabelas.
ESCOLA MUNICIPALIADA JAYME SICILIANO,MENDES,RIO DE JANEIRO,3º ANO,C:\Users\User1\Downloads\OneDrive_1_02-06-2026 (1)\ESCOLA MUNICIPALIADA JAYME SICILIANO\Consolidado Saex - 3º ANO.pdf,Matemática,73,D005_M,Corresponder cédulas e/ou moedas do Sistema Monetário Brasileiro.
ESCOLA MUNICIPALIADA JAYME SICILIANO,MENDES,RIO DE JANEIRO,3º ANO,C:\Users\User1\Downloads\OneDrive_1_02-06-2026 (1)\ESCOLA MUNICIPALIADA JAYME SICILIANO\Consolidado Saex - 3º ANO.pdf,Matemática,88,D032_M,Identificar representações de figuras bidimensionais.
ESCOLA MUNICIPALIADA JAYME SICILIANO,MENDES,RIO DE JANEIRO,3º ANO,C:\Users\User1\Downloads\OneDrive_1_02-06-2026 (1)\ESCOLA MUNICIPALIADA JAYME SICILIANO\Consolidado Saex - 3º ANO.pdf,Matemática,85,D024_M,Identificar dados apresentados por meio de gráficos.
ESCOLA MUNICIPALIADA JAYME SICILIANO,MENDES,RIO DE JANEIRO,3º ANO,C:\Users\User1\Downloads\OneDrive_1_02-06-2026 (1)\ESCOLA MUNICIPALIADA JAYME SICILIANO\Consolidado Saex - 3º ANO.pdf,Matemática,84,D028_M,"Identificar instrumentos utilizados para medir determinadas grandezas (massa, comprimento, capacidade, tempo e temperatura)."
ESCOLA MUNICIPALIADA JAYME SICILIANO,MENDES,RIO DE JANEIRO,3º ANO,C:\Users\User1\Downloads\OneDrive_1_02-06-2026 (1)\ESCOLA MUNICIPALIADA JAYME SICILIANO\Consolidado Saex - 3º ANO.pdf,Matemática,72,D023_M,Identificar composições ou decomposições de números naturais.
ESCOLA MUNICIPALIADA JAYME SICILIANO,MENDES,RIO DE JANEIRO,3º ANO,C:\Users\User1\Downloads\OneDrive_1_02-06-2026 (1)\ESCOLA MUNICIPALIADA JAYME SICILIANO\Consolidado Saex - 3º ANO.pdf,Matemática,71,D017_M,Executar adição ou subtração com números naturais.
ESCOLA MUNICIPALIADA JAYME SICILIANO,MENDES,RIO DE JANEIRO,4º ANO,C:\Users\User1\Downloads\OneDrive_1_02-06-2026 (1)\ESCOLA MUNICIPALIADA JAYME SICILIANO\Consolidado Saex - 4º ANO.pdf,Língua Portuguesa,98,D010_P,Ler palavras formadas por sílabas não canônicas.
ESCOLA MUNICIPALIADA JAYME SICILIANO,MENDES,RIO DE JANEIRO,4º ANO,C:\Users\User1\Downloads\OneDrive_1_02-06-2026 (1)\ESCOLA MUNICIPALIADA JAYME SICILIANO\Consolidado Saex - 4º ANO.pdf,Língua Portuguesa,93,D009_P,Ler palavras formadas por sílabas canônicas.
ESCOLA MUNICIPALIADA JAYME SICILIANO,MENDES,RIO DE JANEIRO,4º ANO,C:\Users\User1\Downloads\OneDrive_1_02-06-2026 (1)\ESCOLA MUNICIPALIADA JAYME SICILIANO\Consolidado Saex - 4º ANO.pdf,Língua Portuguesa,83,D007_P,Identificar o número de sílabas de uma palavra.
ESCOLA MUNICIPALIADA JAYME SICILIANO,MENDES,RIO DE JANEIRO,4º ANO,C:\Users\User1\Downloads\OneDrive_1_02-06-2026 (1)\ESCOLA MUNICIPALIADA JAYME SICILIANO\Consolidado Saex - 4º ANO.pdf,Língua Portuguesa,79,D030_P,Reconhecer os elementos que compõem uma narrativa e o conflito gerador.
ESCOLA MUNICIPALIADA JAYME SICILIANO,MENDES,RIO DE JANEIRO,4º ANO,C:\Users\User1\Downloads\OneDrive_1_02-06-2026 (1)\ESCOLA MUNICIPALIADA JAYME SICILIANO\Consolidado Saex - 4º ANO.pdf,Língua Portuguesa,74,D012_P,"Identificar efeito de sentido decorrente de recursos gráficos, seleção lexical e repetição."
ESCOLA MUNICIPALIADA JAYME SICILIANO,MENDES,RIO DE JANEIRO,4º ANO,C:\Users\User1\Downloads\OneDrive_1_02-06-2026 (1)\ESCOLA MUNICIPALIADA JAYME SICILIANO\Consolidado Saex - 4º ANO.pdf,Língua Portuguesa,72,D017_P,Reconhecer o gênero de um texto.
ESCOLA MUNICIPALIADA JAYME SICILIANO,MENDES,RIO DE JANEIRO,4º ANO,C:\Users\User1\Downloads\OneDrive_1_02-06-2026 (1)\ESCOLA MUNICIPALIADA JAYME SICILIANO\Consolidado Saex - 4º ANO.pdf,Língua Portuguesa,71,D006_P,Identificar rimas.
ESCOLA MUNICIPALIADA JAYME SICILIANO,MENDES,RIO DE JANEIRO,4º ANO,C:\Users\User1\Downloads\OneDrive_1_02-06-2026 (1)\ESCOLA MUNICIPALIADA JAYME SICILIANO\Consolidado Saex - 4º ANO.pdf,Língua Portuguesa,65,D028_P,Reconhecer o assunto de um texto lido.
ESCOLA MUNICIPALIADA JAYME SICILIANO,MENDES,RIO DE JANEIRO,4º ANO,C:\Users\User1\Downloads\OneDrive_1_02-06-2026 (1)\ESCOLA MUNICIPALIADA JAYME SICILIANO\Consolidado Saex - 4º ANO.pdf,Língua Portuguesa,59,D021_P,Localizar informação explícita.
ESCOLA MUNICIPALIADA JAYME SICILIANO,MENDES,RIO DE JANEIRO,4º ANO,C:\Users\User1\Downloads\OneDrive_1_02-06-2026 (1)\ESCOLA MUNICIPALIADA JAYME SICILIANO\Consolidado Saex - 4º ANO.pdf,Língua Portuguesa,54,D016_P,Identificar a finalidade de textos de diferentes gêneros.
ESCOLA MUNICIPALIADA JAYME SICILIANO,MENDES,RIO DE JANEIRO,4º ANO,C:\Users\User1\Downloads\OneDrive_1_02-06-2026 (1)\ESCOLA MUNICIPALIADA JAYME SICILIANO\Consolidado Saex - 4º ANO.pdf,Língua Portuguesa,53,D025_P,Reconhecer efeitos de sentido decorrentes do uso ou função da pontuação e de outras notações.
ESCOLA MUNICIPALIADA JAYME SICILIANO,MENDES,RIO DE JANEIRO,4º ANO,C:\Users\User1\Downloads\OneDrive_1_02-06-2026 (1)\ESCOLA MUNICIPALIADA JAYME SICILIANO\Consolidado Saex - 4º ANO.pdf,Língua Portuguesa,51,D022_P,Inferir o sentido de palavra ou expressão a partir do contexto.
ESCOLA MUNICIPALIADA JAYME SICILIANO,MENDES,RIO DE JANEIRO,4º ANO,C:\Users\User1\Downloads\OneDrive_1_02-06-2026 (1)\ESCOLA MUNICIPALIADA JAYME SICILIANO\Consolidado Saex - 4º ANO.pdf,Língua Portuguesa,49,D037_P,"Reconhecer as relações entre partes de um texto, identificando os recursos coesivos que contribuem para a sua continuidade."
ESCOLA MUNICIPALIADA JAYME SICILIANO,MENDES,RIO DE JANEIRO,4º ANO,C:\Users\User1\Downloads\OneDrive_1_02-06-2026 (1)\ESCOLA MUNICIPALIADA JAYME SICILIANO\Consolidado Saex - 4º ANO.pdf,Língua Portuguesa,44,D023_P,Inferir informações em textos. (Matemática):
ESCOLA MUNICIPALIADA JAYME SICILIANO,MENDES,RIO DE JANEIRO,4º ANO,C:\Users\User1\Downloads\OneDrive_1_02-06-2026 (1)\ESCOLA MUNICIPALIADA JAYME SICILIANO\Consolidado Saex - 4º ANO.pdf,Matemática,34,D011_M,Corresponder o horário de início e de término com o intervalo de duração de um evento ou acontecimento.
ESCOLA MUNICIPALIADA JAYME SICILIANO,MENDES,RIO DE JANEIRO,4º ANO,C:\Users\User1\Downloads\OneDrive_1_02-06-2026 (1)\ESCOLA MUNICIPALIADA JAYME SICILIANO\Consolidado Saex - 4º ANO.pdf,Matemática,31,D028_M,"Identificar instrumentos utilizados para medir determinadas grandezas (massa, comprimento, capacidade, tempo e temperatura)."
ESCOLA MUNICIPALIADA JAYME SICILIANO,MENDES,RIO DE JANEIRO,4º ANO,C:\Users\User1\Downloads\OneDrive_1_02-06-2026 (1)\ESCOLA MUNICIPALIADA JAYME SICILIANO\Consolidado Saex - 4º ANO.pdf,Matemática,47,D067_M,"Utilizar números naturais, envolvendo diferentes significados da multiplicação ou da divisão, na resolução de problemas."
ESCOLA MUNICIPALIADA JAYME SICILIANO,MENDES,RIO DE JANEIRO,4º ANO,C:\Users\User1\Downloads\OneDrive_1_02-06-2026 (1)\ESCOLA MUNICIPALIADA JAYME SICILIANO\Consolidado Saex - 4º ANO.pdf,Matemática,37,D045_M,Reconhecer horas em relógios digitais e/ou analógicos.
ESCOLA MUNICIPALIADA JAYME SICILIANO,MENDES,RIO DE JANEIRO,4º ANO,C:\Users\User1\Downloads\OneDrive_1_02-06-2026 (1)\ESCOLA MUNICIPALIADA JAYME SICILIANO\Consolidado Saex - 4º ANO.pdf,Matemática,37,D056_M,Utilizar conversão entre unidades de medidas de tempo na resolução de problema.
ESCOLA MUNICIPALIADA JAYME SICILIANO,MENDES,RIO DE JANEIRO,4º ANO,C:\Users\User1\Downloads\OneDrive_1_02-06-2026 (1)\ESCOLA MUNICIPALIADA JAYME SICILIANO\Consolidado Saex - 4º ANO.pdf,Matemática,47,D029_M,Identificar números naturais segundo critérios de ordem.
ESCOLA MUNICIPALIADA JAYME SICILIANO,MENDES,RIO DE JANEIRO,4º ANO,C:\Users\User1\Downloads\OneDrive_1_02-06-2026 (1)\ESCOLA MUNICIPALIADA JAYME SICILIANO\Consolidado Saex - 4º ANO.pdf,Matemática,69,D027_M,Identificar informações a partir de dados dispostos em tabelas.
ESCOLA MUNICIPALIADA JAYME SICILIANO,MENDES,RIO DE JANEIRO,4º ANO,C:\Users\User1\Downloads\OneDrive_1_02-06-2026 (1)\ESCOLA MUNICIPALIADA JAYME SICILIANO\Consolidado Saex - 4º ANO.pdf,Matemática,68,D042_M,Reconhecer características do sistema de numeração decimal.
ESCOLA MUNICIPALIADA JAYME SICILIANO,MENDES,RIO DE JANEIRO,4º ANO,C:\Users\User1\Downloads\OneDrive_1_02-06-2026 (1)\ESCOLA MUNICIPALIADA JAYME SICILIANO\Consolidado Saex - 4º ANO.pdf,Matemática,62,D007_M,Corresponder números naturais a pontos da reta numérica.
ESCOLA MUNICIPALIADA JAYME SICILIANO,MENDES,RIO DE JANEIRO,4º ANO,C:\Users\User1\Downloads\OneDrive_1_02-06-2026 (1)\ESCOLA MUNICIPALIADA JAYME SICILIANO\Consolidado Saex - 4º ANO.pdf,Matemática,85,D017_M,Executar adição ou subtração com números naturais.
ESCOLA MUNICIPALIADA JAYME SICILIANO,MENDES,RIO DE JANEIRO,4º ANO,C:\Users\User1\Downloads\OneDrive_1_02-06-2026 (1)\ESCOLA MUNICIPALIADA JAYME SICILIANO\Consolidado Saex - 4º ANO.pdf,Matemática,83,D033_M,Identificar representações de figuras tridimensionais.
ESCOLA MUNICIPALIADA JAYME SICILIANO,MENDES,RIO DE JANEIRO,4º ANO,C:\Users\User1\Downloads\OneDrive_1_02-06-2026 (1)\ESCOLA MUNICIPALIADA JAYME SICILIANO\Consolidado Saex - 4º ANO.pdf,Matemática,80,D022_M,Identificar a localização ou a movimentação de pessoas ou objetos em uma representação plana do espaço.
ESCOLA MUNICIPALIADA JAYME SICILIANO,MENDES,RIO DE JANEIRO,4º ANO,C:\Users\User1\Downloads\OneDrive_1_02-06-2026 (1)\ESCOLA MUNICIPALIADA JAYME SICILIANO\Consolidado Saex - 4º ANO.pdf,Matemática,76,D024_M,Identificar dados apresentados por meio de gráficos.
ESCOLA MUNICIPALIADA JAYME SICILIANO,MENDES,RIO DE JANEIRO,4º ANO,C:\Users\User1\Downloads\OneDrive_1_02-06-2026 (1)\ESCOLA MUNICIPALIADA JAYME SICILIANO\Consolidado Saex - 4º ANO.pdf,Matemática,73,D008_M,Corresponder números naturais à sua escrita por extenso.
ESCOLA MUNICIPALIADA JAYME SICILIANO,MENDES,RIO DE JANEIRO,4º ANO,C:\Users\User1\Downloads\OneDrive_1_02-06-2026 (1)\ESCOLA MUNICIPALIADA JAYME SICILIANO\Consolidado Saex - 4º ANO.pdf,Matemática,57,D066_M,"Utilizar números naturais, envolvendo diferentes significados da adição ou da subtração, na resolução de problemas."
ESCOLA MUNICIPALIADA JAYME SICILIANO,MENDES,RIO DE JANEIRO,4º ANO,C:\Users\User1\Downloads\OneDrive_1_02-06-2026 (1)\ESCOLA MUNICIPALIADA JAYME SICILIANO\Consolidado Saex - 4º ANO.pdf,Matemática,56,D023_M,Identificar composições ou decomposições de números naturais.
ESCOLA MUNICIPALIADA JAYME SICILIANO,MENDES,RIO DE JANEIRO,5º ANO,C:\Users\User1\Downloads\OneDrive_1_02-06-2026 (1)\ESCOLA MUNICIPALIADA JAYME SICILIANO\Consolidado Saex - 5º ANO.pdf,Língua Portuguesa,78,D017_P,Reconhecer o gênero de um texto.
ESCOLA MUNICIPALIADA JAYME SICILIANO,MENDES,RIO DE JANEIRO,5º ANO,C:\Users\User1\Downloads\OneDrive_1_02-06-2026 (1)\ESCOLA MUNICIPALIADA JAYME SICILIANO\Consolidado Saex - 5º ANO.pdf,Língua Portuguesa,73,D012_P,"Identificar efeito de sentido decorrente de recursos gráficos, seleção lexical e repetição."
ESCOLA MUNICIPALIADA JAYME SICILIANO,MENDES,RIO DE JANEIRO,5º ANO,C:\Users\User1\Downloads\OneDrive_1_02-06-2026 (1)\ESCOLA MUNICIPALIADA JAYME SICILIANO\Consolidado Saex - 5º ANO.pdf,Língua Portuguesa,69,D030_P,Reconhecer os elementos que compõem uma narrativa e o conflito gerador.
ESCOLA MUNICIPALIADA JAYME SICILIANO,MENDES,RIO DE JANEIRO,5º ANO,C:\Users\User1\Downloads\OneDrive_1_02-06-2026 (1)\ESCOLA MUNICIPALIADA JAYME SICILIANO\Consolidado Saex - 5º ANO.pdf,Língua Portuguesa,63,D023_P,Inferir informações em textos.
ESCOLA MUNICIPALIADA JAYME SICILIANO,MENDES,RIO DE JANEIRO,5º ANO,C:\Users\User1\Downloads\OneDrive_1_02-06-2026 (1)\ESCOLA MUNICIPALIADA JAYME SICILIANO\Consolidado Saex - 5º ANO.pdf,Língua Portuguesa,57,D021_P,Localizar informação explícita.
ESCOLA MUNICIPALIADA JAYME SICILIANO,MENDES,RIO DE JANEIRO,5º ANO,C:\Users\User1\Downloads\OneDrive_1_02-06-2026 (1)\ESCOLA MUNICIPALIADA JAYME SICILIANO\Consolidado Saex - 5º ANO.pdf,Língua Portuguesa,54,D022_P,Inferir o sentido de palavra ou expressão a partir do contexto.
ESCOLA MUNICIPALIADA JAYME SICILIANO,MENDES,RIO DE JANEIRO,5º ANO,C:\Users\User1\Downloads\OneDrive_1_02-06-2026 (1)\ESCOLA MUNICIPALIADA JAYME SICILIANO\Consolidado Saex - 5º ANO.pdf,Língua Portuguesa,51,D057_P,Interpretar textos que articulam elementos verbais e não verbais.
ESCOLA MUNICIPALIADA JAYME SICILIANO,MENDES,RIO DE JANEIRO,5º ANO,C:\Users\User1\Downloads\OneDrive_1_02-06-2026 (1)\ESCOLA MUNICIPALIADA JAYME SICILIANO\Consolidado Saex - 5º ANO.pdf,Língua Portuguesa,49,D037_P,"Reconhecer as relações entre partes de um texto, identificando os recursos coesivos que contribuem para a sua continuidade."
ESCOLA MUNICIPALIADA JAYME SICILIANO,MENDES,RIO DE JANEIRO,5º ANO,C:\Users\User1\Downloads\OneDrive_1_02-06-2026 (1)\ESCOLA MUNICIPALIADA JAYME SICILIANO\Consolidado Saex - 5º ANO.pdf,Língua Portuguesa,48,D028_P,Reconhecer o assunto de um texto lido.
ESCOLA MUNICIPALIADA JAYME SICILIANO,MENDES,RIO DE JANEIRO,5º ANO,C:\Users\User1\Downloads\OneDrive_1_02-06-2026 (1)\ESCOLA MUNICIPALIADA JAYME SICILIANO\Consolidado Saex - 5º ANO.pdf,Língua Portuguesa,45,D016_P,Identificar a finalidade de textos de diferentes gêneros.
ESCOLA MUNICIPALIADA JAYME SICILIANO,MENDES,RIO DE JANEIRO,5º ANO,C:\Users\User1\Downloads\OneDrive_1_02-06-2026 (1)\ESCOLA MUNICIPALIADA JAYME SICILIANO\Consolidado Saex - 5º ANO.pdf,Língua Portuguesa,43,D039_P,Reconhecer o sentido das relações lógico-discursivas em um texto. (Matemática):
ESCOLA MUNICIPALIADA JAYME SICILIANO,MENDES,RIO DE JANEIRO,5º ANO,C:\Users\User1\Downloads\OneDrive_1_02-06-2026 (1)\ESCOLA MUNICIPALIADA JAYME SICILIANO\Consolidado Saex - 5º ANO.pdf,Matemática,80,D042_M,Reconhecer características do sistema de numeração decimal.
ESCOLA MUNICIPALIADA JAYME SICILIANO,MENDES,RIO DE JANEIRO,5º ANO,C:\Users\User1\Downloads\OneDrive_1_02-06-2026 (1)\ESCOLA MUNICIPALIADA JAYME SICILIANO\Consolidado Saex - 5º ANO.pdf,Matemática,92,D022_M,Identificar a localização ou a movimentação de pessoas ou objetos em uma representação plana do espaço.
ESCOLA MUNICIPALIADA JAYME SICILIANO,MENDES,RIO DE JANEIRO,5º ANO,C:\Users\User1\Downloads\OneDrive_1_02-06-2026 (1)\ESCOLA MUNICIPALIADA JAYME SICILIANO\Consolidado Saex - 5º ANO.pdf,Matemática,87,D008_M,Corresponder números naturais à sua escrita por extenso.
ESCOLA MUNICIPALIADA JAYME SICILIANO,MENDES,RIO DE JANEIRO,5º ANO,C:\Users\User1\Downloads\OneDrive_1_02-06-2026 (1)\ESCOLA MUNICIPALIADA JAYME SICILIANO\Consolidado Saex - 5º ANO.pdf,Matemática,17,D044_M,Reconhecer fração como representação associada a diferentes significados.
ESCOLA MUNICIPALIADA JAYME SICILIANO,MENDES,RIO DE JANEIRO,5º ANO,C:\Users\User1\Downloads\OneDrive_1_02-06-2026 (1)\ESCOLA MUNICIPALIADA JAYME SICILIANO\Consolidado Saex - 5º ANO.pdf,Matemática,3,D026_M,Identificar frações equivalentes.
ESCOLA MUNICIPALIADA JAYME SICILIANO,MENDES,RIO DE JANEIRO,5º ANO,C:\Users\User1\Downloads\OneDrive_1_02-06-2026 (1)\ESCOLA MUNICIPALIADA JAYME SICILIANO\Consolidado Saex - 5º ANO.pdf,Matemática,21,D007_M,Corresponder números naturais a pontos da reta numérica.
ESCOLA MUNICIPALIADA JAYME SICILIANO,MENDES,RIO DE JANEIRO,5º ANO,C:\Users\User1\Downloads\OneDrive_1_02-06-2026 (1)\ESCOLA MUNICIPALIADA JAYME SICILIANO\Consolidado Saex - 5º ANO.pdf,Matemática,21,D011_M,Corresponder o horário de início e de término com o intervalo de duração de um evento ou acontecimento.
ESCOLA MUNICIPALIADA JAYME SICILIANO,MENDES,RIO DE JANEIRO,5º ANO,C:\Users\User1\Downloads\OneDrive_1_02-06-2026 (1)\ESCOLA MUNICIPALIADA JAYME SICILIANO\Consolidado Saex - 5º ANO.pdf,Matemática,18,D010_M,Corresponder números racionais na representação decimal à sua escrita por extenso.
ESCOLA MUNICIPALIADA JAYME SICILIANO,MENDES,RIO DE JANEIRO,5º ANO,C:\Users\User1\Downloads\OneDrive_1_02-06-2026 (1)\ESCOLA MUNICIPALIADA JAYME SICILIANO\Consolidado Saex - 5º ANO.pdf,Matemática,28,D080_M,Utilizar perímetro de figuras bidimensionais na resolução de problema.
ESCOLA MUNICIPALIADA JAYME SICILIANO,MENDES,RIO DE JANEIRO,5º ANO,C:\Users\User1\Downloads\OneDrive_1_02-06-2026 (1)\ESCOLA MUNICIPALIADA JAYME SICILIANO\Consolidado Saex - 5º ANO.pdf,Matemática,51,D045_M,Reconhecer horas em relógios digitais e/ou analógicos.
ESCOLA MUNICIPALIADA JAYME SICILIANO,MENDES,RIO DE JANEIRO,5º ANO,C:\Users\User1\Downloads\OneDrive_1_02-06-2026 (1)\ESCOLA MUNICIPALIADA JAYME SICILIANO\Consolidado Saex - 5º ANO.pdf,Matemática,48,D009_M,Corresponder números racionais a pontos da reta numérica.
ESCOLA MUNICIPALIADA JAYME SICILIANO,MENDES,RIO DE JANEIRO,5º ANO,C:\Users\User1\Downloads\OneDrive_1_02-06-2026 (1)\ESCOLA MUNICIPALIADA JAYME SICILIANO\Consolidado Saex - 5º ANO.pdf,Matemática,45,D037_M,"Identificar uma sequência crescente ou decrescente, dentre uma coleção de sequências de números naturais."
ESCOLA MUNICIPALIADA JAYME SICILIANO,MENDES,RIO DE JANEIRO,5º ANO,C:\Users\User1\Downloads\OneDrive_1_02-06-2026 (1)\ESCOLA MUNICIPALIADA JAYME SICILIANO\Consolidado Saex - 5º ANO.pdf,Matemática,76,D012_M,Corresponder objetos em uma representação plana do espaço à sua localização descrita por meio de um par ordenado.
ESCOLA MUNICIPALIADA JAYME SICILIANO,MENDES,RIO DE JANEIRO,5º ANO,C:\Users\User1\Downloads\OneDrive_1_02-06-2026 (1)\ESCOLA MUNICIPALIADA JAYME SICILIANO\Consolidado Saex - 5º ANO.pdf,Matemática,75,D033_M,Identificar representações de figuras tridimensionais.
ESCOLA MUNICIPALIADA JAYME SICILIANO,MENDES,RIO DE JANEIRO,5º ANO,C:\Users\User1\Downloads\OneDrive_1_02-06-2026 (1)\ESCOLA MUNICIPALIADA JAYME SICILIANO\Consolidado Saex - 5º ANO.pdf,Matemática,71,D066_M,"Utilizar números naturais, envolvendo diferentes significados da adição ou da subtração, na resolução de problemas."
ESCOLA MUNICIPALIADA JAYME SICILIANO,MENDES,RIO DE JANEIRO,5º ANO,C:\Users\User1\Downloads\OneDrive_1_02-06-2026 (1)\ESCOLA MUNICIPALIADA JAYME SICILIANO\Consolidado Saex - 5º ANO.pdf,Matemática,54,D065_M,"Utilizar números naturais e racionais, envolvendo diferentes significados da adição ou da subtração, na resolução de problemas."
ESCOLA MUNICIPALIADA JAYME SICILIANO,MENDES,RIO DE JANEIRO,5º ANO,C:\Users\User1\Downloads\OneDrive_1_02-06-2026 (1)\ESCOLA MUNICIPALIADA JAYME SICILIANO\Consolidado Saex - 5º ANO.pdf,Matemática,54,D015_M,Determinar o número desconhecido que torna verdadeira uma igualdade matemática envolvendo representação simbólica.
ESCOLA MUNICIPALIADA JAYME SICILIANO,MENDES,RIO DE JANEIRO,5º ANO,C:\Users\User1\Downloads\OneDrive_1_02-06-2026 (1)\ESCOLA MUNICIPALIADA JAYME SICILIANO\Consolidado Saex - 5º ANO.pdf,Matemática,38,D031_M,"Identificar polígonos de acordo com as características dos seus lados, vértices e ângulos internos."
ESCOLA MUNICIPALIADA JAYME SICILIANO,MENDES,RIO DE JANEIRO,5º ANO,C:\Users\User1\Downloads\OneDrive_1_02-06-2026 (1)\ESCOLA MUNICIPALIADA JAYME SICILIANO\Consolidado Saex - 5º ANO.pdf,Matemática,32,D055_M,"Utilizar conversão entre unidades de medida, na resolução de problema."
ESCOLA MUNICIPALIZADA AMELIA DE LIMA E SILVA,MENDES,RIO DE JANEIRO,2º ANO,C:\Users\User1\Downloads\OneDrive_1_02-06-2026 (1)\ESCOLA MUNICIPALIZADA AMELIA DE LIMA E SILVA\Consolidado Saex - 2º ANO.pdf,Língua Portuguesa,100,D007_P,Identificar o número de sílabas de uma palavra.
ESCOLA MUNICIPALIZADA AMELIA DE LIMA E SILVA,MENDES,RIO DE JANEIRO,2º ANO,C:\Users\User1\Downloads\OneDrive_1_02-06-2026 (1)\ESCOLA MUNICIPALIZADA AMELIA DE LIMA E SILVA\Consolidado Saex - 2º ANO.pdf,Língua Portuguesa,93,D002_P,Reconhecer as letras do alfabeto.
ESCOLA MUNICIPALIZADA AMELIA DE LIMA E SILVA,MENDES,RIO DE JANEIRO,2º ANO,C:\Users\User1\Downloads\OneDrive_1_02-06-2026 (1)\ESCOLA MUNICIPALIZADA AMELIA DE LIMA E SILVA\Consolidado Saex - 2º ANO.pdf,Língua Portuguesa,87,D009_P,Ler palavras formadas por sílabas canônicas.
ESCOLA MUNICIPALIZADA AMELIA DE LIMA E SILVA,MENDES,RIO DE JANEIRO,2º ANO,C:\Users\User1\Downloads\OneDrive_1_02-06-2026 (1)\ESCOLA MUNICIPALIZADA AMELIA DE LIMA E SILVA\Consolidado Saex - 2º ANO.pdf,Língua Portuguesa,80,D010_P,Ler palavras formadas por sílabas não canônicas.
ESCOLA MUNICIPALIZADA AMELIA DE LIMA E SILVA,MENDES,RIO DE JANEIRO,2º ANO,C:\Users\User1\Downloads\OneDrive_1_02-06-2026 (1)\ESCOLA MUNICIPALIZADA AMELIA DE LIMA E SILVA\Consolidado Saex - 2º ANO.pdf,Língua Portuguesa,77,D008_P,Identificar sílabas de uma palavra.
ESCOLA MUNICIPALIZADA AMELIA DE LIMA E SILVA,MENDES,RIO DE JANEIRO,2º ANO,C:\Users\User1\Downloads\OneDrive_1_02-06-2026 (1)\ESCOLA MUNICIPALIZADA AMELIA DE LIMA E SILVA\Consolidado Saex - 2º ANO.pdf,Língua Portuguesa,63,D003_P,Reconhecer as diferentes formas de grafar uma mesma letra ou palavra.
ESCOLA MUNICIPALIZADA AMELIA DE LIMA E SILVA,MENDES,RIO DE JANEIRO,2º ANO,C:\Users\User1\Downloads\OneDrive_1_02-06-2026 (1)\ESCOLA MUNICIPALIZADA AMELIA DE LIMA E SILVA\Consolidado Saex - 2º ANO.pdf,Língua Portuguesa,63,D014_P,Identificar variações de sons de grafemas.
ESCOLA MUNICIPALIZADA AMELIA DE LIMA E SILVA,MENDES,RIO DE JANEIRO,2º ANO,C:\Users\User1\Downloads\OneDrive_1_02-06-2026 (1)\ESCOLA MUNICIPALIZADA AMELIA DE LIMA E SILVA\Consolidado Saex - 2º ANO.pdf,Língua Portuguesa,57,D006_P,Identificar rimas.
ESCOLA MUNICIPALIZADA AMELIA DE LIMA E SILVA,MENDES,RIO DE JANEIRO,2º ANO,C:\Users\User1\Downloads\OneDrive_1_02-06-2026 (1)\ESCOLA MUNICIPALIZADA AMELIA DE LIMA E SILVA\Consolidado Saex - 2º ANO.pdf,Língua Portuguesa,57,D005_P,Identificar a unidade palavra em frases.
ESCOLA MUNICIPALIZADA AMELIA DE LIMA E SILVA,MENDES,RIO DE JANEIRO,2º ANO,C:\Users\User1\Downloads\OneDrive_1_02-06-2026 (1)\ESCOLA MUNICIPALIZADA AMELIA DE LIMA E SILVA\Consolidado Saex - 2º ANO.pdf,Língua Portuguesa,57,D016_P,Identificar a finalidade de textos de diferentes gêneros.
ESCOLA MUNICIPALIZADA AMELIA DE LIMA E SILVA,MENDES,RIO DE JANEIRO,2º ANO,C:\Users\User1\Downloads\OneDrive_1_02-06-2026 (1)\ESCOLA MUNICIPALIZADA AMELIA DE LIMA E SILVA\Consolidado Saex - 2º ANO.pdf,Língua Portuguesa,50,D017_P,Reconhecer o gênero de um texto.
ESCOLA MUNICIPALIZADA AMELIA DE LIMA E SILVA,MENDES,RIO DE JANEIRO,2º ANO,C:\Users\User1\Downloads\OneDrive_1_02-06-2026 (1)\ESCOLA MUNICIPALIZADA AMELIA DE LIMA E SILVA\Consolidado Saex - 2º ANO.pdf,Língua Portuguesa,43,D013_P,Reconhecer o local de inserção de determinada palavra numa sequência em ordem alfabética.
ESCOLA MUNICIPALIZADA AMELIA DE LIMA E SILVA,MENDES,RIO DE JANEIRO,2º ANO,C:\Users\User1\Downloads\OneDrive_1_02-06-2026 (1)\ESCOLA MUNICIPALIZADA AMELIA DE LIMA E SILVA\Consolidado Saex - 2º ANO.pdf,Língua Portuguesa,33,D023_P,Inferir informações em textos. (Matemática):
ESCOLA MUNICIPALIZADA AMELIA DE LIMA E SILVA,MENDES,RIO DE JANEIRO,2º ANO,C:\Users\User1\Downloads\OneDrive_1_02-06-2026 (1)\ESCOLA MUNICIPALIZADA AMELIA DE LIMA E SILVA\Consolidado Saex - 2º ANO.pdf,Matemática,100,D033_M,Identificar representações de figuras tridimensionais.
ESCOLA MUNICIPALIZADA AMELIA DE LIMA E SILVA,MENDES,RIO DE JANEIRO,2º ANO,C:\Users\User1\Downloads\OneDrive_1_02-06-2026 (1)\ESCOLA MUNICIPALIZADA AMELIA DE LIMA E SILVA\Consolidado Saex - 2º ANO.pdf,Matemática,33,D056_M,Utilizar conversão entre unidades de medidas de tempo na resolução de problema.
ESCOLA MUNICIPALIZADA AMELIA DE LIMA E SILVA,MENDES,RIO DE JANEIRO,2º ANO,C:\Users\User1\Downloads\OneDrive_1_02-06-2026 (1)\ESCOLA MUNICIPALIZADA AMELIA DE LIMA E SILVA\Consolidado Saex - 2º ANO.pdf,Matemática,77,D027_M,Identificar informações a partir de dados dispostos em tabelas.
ESCOLA MUNICIPALIZADA AMELIA DE LIMA E SILVA,MENDES,RIO DE JANEIRO,2º ANO,C:\Users\User1\Downloads\OneDrive_1_02-06-2026 (1)\ESCOLA MUNICIPALIZADA AMELIA DE LIMA E SILVA\Consolidado Saex - 2º ANO.pdf,Matemática,63,D004_M,Comparar ou ordenar quantidades pela contagem.
ESCOLA MUNICIPALIZADA AMELIA DE LIMA E SILVA,MENDES,RIO DE JANEIRO,2º ANO,C:\Users\User1\Downloads\OneDrive_1_02-06-2026 (1)\ESCOLA MUNICIPALIZADA AMELIA DE LIMA E SILVA\Consolidado Saex - 2º ANO.pdf,Matemática,63,D066_M,"Utilizar números naturais, envolvendo diferentes significados da adição ou da subtração, na resolução de problemas."
ESCOLA MUNICIPALIZADA AMELIA DE LIMA E SILVA,MENDES,RIO DE JANEIRO,2º ANO,C:\Users\User1\Downloads\OneDrive_1_02-06-2026 (1)\ESCOLA MUNICIPALIZADA AMELIA DE LIMA E SILVA\Consolidado Saex - 2º ANO.pdf,Matemática,93,D032_M,Identificar representações de figuras bidimensionais.
ESCOLA MUNICIPALIZADA AMELIA DE LIMA E SILVA,MENDES,RIO DE JANEIRO,2º ANO,C:\Users\User1\Downloads\OneDrive_1_02-06-2026 (1)\ESCOLA MUNICIPALIZADA AMELIA DE LIMA E SILVA\Consolidado Saex - 2º ANO.pdf,Matemática,87,D005_M,Corresponder cédulas e/ou moedas do Sistema Monetário Brasileiro.
ESCOLA MUNICIPALIZADA AMELIA DE LIMA E SILVA,MENDES,RIO DE JANEIRO,2º ANO,C:\Users\User1\Downloads\OneDrive_1_02-06-2026 (1)\ESCOLA MUNICIPALIZADA AMELIA DE LIMA E SILVA\Consolidado Saex - 2º ANO.pdf,Matemática,80,D016_M,Executar a contagem de um grupo de objetos/pessoas/animais.
ESCOLA MUNICIPALIZADA AMELIA DE LIMA E SILVA,MENDES,RIO DE JANEIRO,2º ANO,C:\Users\User1\Downloads\OneDrive_1_02-06-2026 (1)\ESCOLA MUNICIPALIZADA AMELIA DE LIMA E SILVA\Consolidado Saex - 2º ANO.pdf,Matemática,77,D029_M,Identificar números naturais segundo critérios de ordem.
ESCOLA MUNICIPALIZADA AMELIA DE LIMA E SILVA,MENDES,RIO DE JANEIRO,2º ANO,C:\Users\User1\Downloads\OneDrive_1_02-06-2026 (1)\ESCOLA MUNICIPALIZADA AMELIA DE LIMA E SILVA\Consolidado Saex - 2º ANO.pdf,Matemática,77,D003_M,"Comparar ou ordenar o objeto/pessoa/animal por meio dos atributos de comprimento, altura, espessura e tamanho."
ESCOLA MUNICIPALIZADA AMELIA DE LIMA E SILVA,MENDES,RIO DE JANEIRO,2º ANO,C:\Users\User1\Downloads\OneDrive_1_02-06-2026 (1)\ESCOLA MUNICIPALIZADA AMELIA DE LIMA E SILVA\Consolidado Saex - 2º ANO.pdf,Matemática,50,D022_M,Identificar a localização ou a movimentação de pessoas ou objetos em uma representação plana do espaço.
ESCOLA MUNICIPALIZADA AMELIA DE LIMA E SILVA,MENDES,RIO DE JANEIRO,2º ANO,C:\Users\User1\Downloads\OneDrive_1_02-06-2026 (1)\ESCOLA MUNICIPALIZADA AMELIA DE LIMA E SILVA\Consolidado Saex - 2º ANO.pdf,Matemática,37,D017_M,Executar adição ou subtração com números naturais.
ESCOLA MUNICIPALIZADA AMELIA DE LIMA E SILVA,MENDES,RIO DE JANEIRO,3º ANO,C:\Users\User1\Downloads\OneDrive_1_02-06-2026 (1)\ESCOLA MUNICIPALIZADA AMELIA DE LIMA E SILVA\Consolidado Saex - 3º ANO.pdf,Língua Portuguesa,76,D007_P,Identificar o número de sílabas de uma palavra.
ESCOLA MUNICIPALIZADA AMELIA DE LIMA E SILVA,MENDES,RIO DE JANEIRO,3º ANO,C:\Users\User1\Downloads\OneDrive_1_02-06-2026 (1)\ESCOLA MUNICIPALIZADA AMELIA DE LIMA E SILVA\Consolidado Saex - 3º ANO.pdf,Língua Portuguesa,76,D015_P,Ler frases.
ESCOLA MUNICIPALIZADA AMELIA DE LIMA E SILVA,MENDES,RIO DE JANEIRO,3º ANO,C:\Users\User1\Downloads\OneDrive_1_02-06-2026 (1)\ESCOLA MUNICIPALIZADA AMELIA DE LIMA E SILVA\Consolidado Saex - 3º ANO.pdf,Língua Portuguesa,71,D003_P,Reconhecer as diferentes formas de grafar uma mesma letra ou palavra.
ESCOLA MUNICIPALIZADA AMELIA DE LIMA E SILVA,MENDES,RIO DE JANEIRO,3º ANO,C:\Users\User1\Downloads\OneDrive_1_02-06-2026 (1)\ESCOLA MUNICIPALIZADA AMELIA DE LIMA E SILVA\Consolidado Saex - 3º ANO.pdf,Língua Portuguesa,68,D009_P,Ler palavras formadas por sílabas canônicas.
ESCOLA MUNICIPALIZADA AMELIA DE LIMA E SILVA,MENDES,RIO DE JANEIRO,3º ANO,C:\Users\User1\Downloads\OneDrive_1_02-06-2026 (1)\ESCOLA MUNICIPALIZADA AMELIA DE LIMA E SILVA\Consolidado Saex - 3º ANO.pdf,Língua Portuguesa,65,D030_P,Reconhecer os elementos que compõem uma narrativa e o conflito gerador.
ESCOLA MUNICIPALIZADA AMELIA DE LIMA E SILVA,MENDES,RIO DE JANEIRO,3º ANO,C:\Users\User1\Downloads\OneDrive_1_02-06-2026 (1)\ESCOLA MUNICIPALIZADA AMELIA DE LIMA E SILVA\Consolidado Saex - 3º ANO.pdf,Língua Portuguesa,63,D016_P,Identificar a finalidade de textos de diferentes gêneros.
ESCOLA MUNICIPALIZADA AMELIA DE LIMA E SILVA,MENDES,RIO DE JANEIRO,3º ANO,C:\Users\User1\Downloads\OneDrive_1_02-06-2026 (1)\ESCOLA MUNICIPALIZADA AMELIA DE LIMA E SILVA\Consolidado Saex - 3º ANO.pdf,Língua Portuguesa,62,D010_P,Ler palavras formadas por sílabas não canônicas.
ESCOLA MUNICIPALIZADA AMELIA DE LIMA E SILVA,MENDES,RIO DE JANEIRO,3º ANO,C:\Users\User1\Downloads\OneDrive_1_02-06-2026 (1)\ESCOLA MUNICIPALIZADA AMELIA DE LIMA E SILVA\Consolidado Saex - 3º ANO.pdf,Língua Portuguesa,59,D008_P,Identificar sílabas de uma palavra.
ESCOLA MUNICIPALIZADA AMELIA DE LIMA E SILVA,MENDES,RIO DE JANEIRO,3º ANO,C:\Users\User1\Downloads\OneDrive_1_02-06-2026 (1)\ESCOLA MUNICIPALIZADA AMELIA DE LIMA E SILVA\Consolidado Saex - 3º ANO.pdf,Língua Portuguesa,56,D017_P,Reconhecer o gênero de um texto.
ESCOLA MUNICIPALIZADA AMELIA DE LIMA E SILVA,MENDES,RIO DE JANEIRO,3º ANO,C:\Users\User1\Downloads\OneDrive_1_02-06-2026 (1)\ESCOLA MUNICIPALIZADA AMELIA DE LIMA E SILVA\Consolidado Saex - 3º ANO.pdf,Língua Portuguesa,53,D006_P,Identificar rimas.
ESCOLA MUNICIPALIZADA AMELIA DE LIMA E SILVA,MENDES,RIO DE JANEIRO,3º ANO,C:\Users\User1\Downloads\OneDrive_1_02-06-2026 (1)\ESCOLA MUNICIPALIZADA AMELIA DE LIMA E SILVA\Consolidado Saex - 3º ANO.pdf,Língua Portuguesa,47,D005_P,Identificar a unidade palavra em frases.
ESCOLA MUNICIPALIZADA AMELIA DE LIMA E SILVA,MENDES,RIO DE JANEIRO,3º ANO,C:\Users\User1\Downloads\OneDrive_1_02-06-2026 (1)\ESCOLA MUNICIPALIZADA AMELIA DE LIMA E SILVA\Consolidado Saex - 3º ANO.pdf,Língua Portuguesa,41,D021_P,Localizar informação explícita.
ESCOLA MUNICIPALIZADA AMELIA DE LIMA E SILVA,MENDES,RIO DE JANEIRO,3º ANO,C:\Users\User1\Downloads\OneDrive_1_02-06-2026 (1)\ESCOLA MUNICIPALIZADA AMELIA DE LIMA E SILVA\Consolidado Saex - 3º ANO.pdf,Língua Portuguesa,40,D012_P,"Identificar efeito de sentido decorrente de recursos gráficos, seleção lexical e repetição."
ESCOLA MUNICIPALIZADA AMELIA DE LIMA E SILVA,MENDES,RIO DE JANEIRO,3º ANO,C:\Users\User1\Downloads\OneDrive_1_02-06-2026 (1)\ESCOLA MUNICIPALIZADA AMELIA DE LIMA E SILVA\Consolidado Saex - 3º ANO.pdf,Língua Portuguesa,38,D023_P,Inferir informações em textos.
ESCOLA MUNICIPALIZADA AMELIA DE LIMA E SILVA,MENDES,RIO DE JANEIRO,3º ANO,C:\Users\User1\Downloads\OneDrive_1_02-06-2026 (1)\ESCOLA MUNICIPALIZADA AMELIA DE LIMA E SILVA\Consolidado Saex - 3º ANO.pdf,Língua Portuguesa,31,D028_P,Reconhecer o assunto de um texto lido.
ESCOLA MUNICIPALIZADA AMELIA DE LIMA E SILVA,MENDES,RIO DE JANEIRO,3º ANO,C:\Users\User1\Downloads\OneDrive_1_02-06-2026 (1)\ESCOLA MUNICIPALIZADA AMELIA DE LIMA E SILVA\Consolidado Saex - 3º ANO.pdf,Língua Portuguesa,6,D014_P,Identificar variações de sons de grafemas. (Matemática):
ESCOLA MUNICIPALIZADA AMELIA DE LIMA E SILVA,MENDES,RIO DE JANEIRO,3º ANO,C:\Users\User1\Downloads\OneDrive_1_02-06-2026 (1)\ESCOLA MUNICIPALIZADA AMELIA DE LIMA E SILVA\Consolidado Saex - 3º ANO.pdf,Matemática,17,D056_M,Utilizar conversão entre unidades de medidas de tempo na resolução de problema.
ESCOLA MUNICIPALIZADA AMELIA DE LIMA E SILVA,MENDES,RIO DE JANEIRO,3º ANO,C:\Users\User1\Downloads\OneDrive_1_02-06-2026 (1)\ESCOLA MUNICIPALIZADA AMELIA DE LIMA E SILVA\Consolidado Saex - 3º ANO.pdf,Matemática,17,D042_M,Reconhecer características do sistema de numeração decimal.
ESCOLA MUNICIPALIZADA AMELIA DE LIMA E SILVA,MENDES,RIO DE JANEIRO,3º ANO,C:\Users\User1\Downloads\OneDrive_1_02-06-2026 (1)\ESCOLA MUNICIPALIZADA AMELIA DE LIMA E SILVA\Consolidado Saex - 3º ANO.pdf,Matemática,44,D033_M,Identificar representações de figuras tridimensionais.
ESCOLA MUNICIPALIZADA AMELIA DE LIMA E SILVA,MENDES,RIO DE JANEIRO,3º ANO,C:\Users\User1\Downloads\OneDrive_1_02-06-2026 (1)\ESCOLA MUNICIPALIZADA AMELIA DE LIMA E SILVA\Consolidado Saex - 3º ANO.pdf,Matemática,28,D023_M,Identificar composições ou decomposições de números naturais.
ESCOLA MUNICIPALIZADA AMELIA DE LIMA E SILVA,MENDES,RIO DE JANEIRO,3º ANO,C:\Users\User1\Downloads\OneDrive_1_02-06-2026 (1)\ESCOLA MUNICIPALIZADA AMELIA DE LIMA E SILVA\Consolidado Saex - 3º ANO.pdf,Matemática,22,D067_M,"Utilizar números naturais, envolvendo diferentes significados da multiplicação ou da divisão, na resolução de problemas."
ESCOLA MUNICIPALIZADA AMELIA DE LIMA E SILVA,MENDES,RIO DE JANEIRO,3º ANO,C:\Users\User1\Downloads\OneDrive_1_02-06-2026 (1)\ESCOLA MUNICIPALIZADA AMELIA DE LIMA E SILVA\Consolidado Saex - 3º ANO.pdf,Matemática,44,D027_M,Identificar informações a partir de dados dispostos em tabelas.
ESCOLA MUNICIPALIZADA AMELIA DE LIMA E SILVA,MENDES,RIO DE JANEIRO,3º ANO,C:\Users\User1\Downloads\OneDrive_1_02-06-2026 (1)\ESCOLA MUNICIPALIZADA AMELIA DE LIMA E SILVA\Consolidado Saex - 3º ANO.pdf,Matemática,61,D024_M,Identificar dados apresentados por meio de gráficos.
ESCOLA MUNICIPALIZADA AMELIA DE LIMA E SILVA,MENDES,RIO DE JANEIRO,3º ANO,C:\Users\User1\Downloads\OneDrive_1_02-06-2026 (1)\ESCOLA MUNICIPALIZADA AMELIA DE LIMA E SILVA\Consolidado Saex - 3º ANO.pdf,Matemática,53,D005_M,Corresponder cédulas e/ou moedas do Sistema Monetário Brasileiro.
ESCOLA MUNICIPALIZADA AMELIA DE LIMA E SILVA,MENDES,RIO DE JANEIRO,3º ANO,C:\Users\User1\Downloads\OneDrive_1_02-06-2026 (1)\ESCOLA MUNICIPALIZADA AMELIA DE LIMA E SILVA\Consolidado Saex - 3º ANO.pdf,Matemática,50,D029_M,Identificar números naturais segundo critérios de ordem.
ESCOLA MUNICIPALIZADA AMELIA DE LIMA E SILVA,MENDES,RIO DE JANEIRO,3º ANO,C:\Users\User1\Downloads\OneDrive_1_02-06-2026 (1)\ESCOLA MUNICIPALIZADA AMELIA DE LIMA E SILVA\Consolidado Saex - 3º ANO.pdf,Matemática,82,D028_M,"Identificar instrumentos utilizados para medir determinadas grandezas (massa, comprimento, capacidade, tempo e temperatura)."
ESCOLA MUNICIPALIZADA AMELIA DE LIMA E SILVA,MENDES,RIO DE JANEIRO,3º ANO,C:\Users\User1\Downloads\OneDrive_1_02-06-2026 (1)\ESCOLA MUNICIPALIZADA AMELIA DE LIMA E SILVA\Consolidado Saex - 3º ANO.pdf,Matemática,78,D032_M,Identificar representações de figuras bidimensionais.
ESCOLA MUNICIPALIZADA AMELIA DE LIMA E SILVA,MENDES,RIO DE JANEIRO,3º ANO,C:\Users\User1\Downloads\OneDrive_1_02-06-2026 (1)\ESCOLA MUNICIPALIZADA AMELIA DE LIMA E SILVA\Consolidado Saex - 3º ANO.pdf,Matemática,67,D022_M,Identificar a localização ou a movimentação de pessoas ou objetos em uma representação plana do espaço.
ESCOLA MUNICIPALIZADA AMELIA DE LIMA E SILVA,MENDES,RIO DE JANEIRO,3º ANO,C:\Users\User1\Downloads\OneDrive_1_02-06-2026 (1)\ESCOLA MUNICIPALIZADA AMELIA DE LIMA E SILVA\Consolidado Saex - 3º ANO.pdf,Matemática,47,D066_M,"Utilizar números naturais, envolvendo diferentes significados da adição ou da subtração, na resolução de problemas."
ESCOLA MUNICIPALIZADA AMELIA DE LIMA E SILVA,MENDES,RIO DE JANEIRO,3º ANO,C:\Users\User1\Downloads\OneDrive_1_02-06-2026 (1)\ESCOLA MUNICIPALIZADA AMELIA DE LIMA E SILVA\Consolidado Saex - 3º ANO.pdf,Matemática,47,D017_M,Executar adição ou subtração com números naturais.
ESCOLA MUNICIPALIZADA AMELIA DE LIMA E SILVA,MENDES,RIO DE JANEIRO,4º ANO,C:\Users\User1\Downloads\OneDrive_1_02-06-2026 (1)\ESCOLA MUNICIPALIZADA AMELIA DE LIMA E SILVA\Consolidado Saex - 4º ANO.pdf,Língua Portuguesa,87,D010_P,Ler palavras formadas por sílabas não canônicas.
ESCOLA MUNICIPALIZADA AMELIA DE LIMA E SILVA,MENDES,RIO DE JANEIRO,4º ANO,C:\Users\User1\Downloads\OneDrive_1_02-06-2026 (1)\ESCOLA MUNICIPALIZADA AMELIA DE LIMA E SILVA\Consolidado Saex - 4º ANO.pdf,Língua Portuguesa,87,D012_P,"Identificar efeito de sentido decorrente de recursos gráficos, seleção lexical e repetição."
ESCOLA MUNICIPALIZADA AMELIA DE LIMA E SILVA,MENDES,RIO DE JANEIRO,4º ANO,C:\Users\User1\Downloads\OneDrive_1_02-06-2026 (1)\ESCOLA MUNICIPALIZADA AMELIA DE LIMA E SILVA\Consolidado Saex - 4º ANO.pdf,Língua Portuguesa,80,D037_P,"Reconhecer as relações entre partes de um texto, identificando os recursos coesivos que contribuem para a sua continuidade."
ESCOLA MUNICIPALIZADA AMELIA DE LIMA E SILVA,MENDES,RIO DE JANEIRO,4º ANO,C:\Users\User1\Downloads\OneDrive_1_02-06-2026 (1)\ESCOLA MUNICIPALIZADA AMELIA DE LIMA E SILVA\Consolidado Saex - 4º ANO.pdf,Língua Portuguesa,77,D028_P,Reconhecer o assunto de um texto lido.
ESCOLA MUNICIPALIZADA AMELIA DE LIMA E SILVA,MENDES,RIO DE JANEIRO,4º ANO,C:\Users\User1\Downloads\OneDrive_1_02-06-2026 (1)\ESCOLA MUNICIPALIZADA AMELIA DE LIMA E SILVA\Consolidado Saex - 4º ANO.pdf,Língua Portuguesa,77,D021_P,Localizar informação explícita.
ESCOLA MUNICIPALIZADA AMELIA DE LIMA E SILVA,MENDES,RIO DE JANEIRO,4º ANO,C:\Users\User1\Downloads\OneDrive_1_02-06-2026 (1)\ESCOLA MUNICIPALIZADA AMELIA DE LIMA E SILVA\Consolidado Saex - 4º ANO.pdf,Língua Portuguesa,73,D009_P,Ler palavras formadas por sílabas canônicas.
ESCOLA MUNICIPALIZADA AMELIA DE LIMA E SILVA,MENDES,RIO DE JANEIRO,4º ANO,C:\Users\User1\Downloads\OneDrive_1_02-06-2026 (1)\ESCOLA MUNICIPALIZADA AMELIA DE LIMA E SILVA\Consolidado Saex - 4º ANO.pdf,Língua Portuguesa,73,D030_P,Reconhecer os elementos que compõem uma narrativa e o conflito gerador.
ESCOLA MUNICIPALIZADA AMELIA DE LIMA E SILVA,MENDES,RIO DE JANEIRO,4º ANO,C:\Users\User1\Downloads\OneDrive_1_02-06-2026 (1)\ESCOLA MUNICIPALIZADA AMELIA DE LIMA E SILVA\Consolidado Saex - 4º ANO.pdf,Língua Portuguesa,73,D006_P,Identificar rimas.
ESCOLA MUNICIPALIZADA AMELIA DE LIMA E SILVA,MENDES,RIO DE JANEIRO,4º ANO,C:\Users\User1\Downloads\OneDrive_1_02-06-2026 (1)\ESCOLA MUNICIPALIZADA AMELIA DE LIMA E SILVA\Consolidado Saex - 4º ANO.pdf,Língua Portuguesa,63,D017_P,Reconhecer o gênero de um texto.
ESCOLA MUNICIPALIZADA AMELIA DE LIMA E SILVA,MENDES,RIO DE JANEIRO,4º ANO,C:\Users\User1\Downloads\OneDrive_1_02-06-2026 (1)\ESCOLA MUNICIPALIZADA AMELIA DE LIMA E SILVA\Consolidado Saex - 4º ANO.pdf,Língua Portuguesa,60,D007_P,Identificar o número de sílabas de uma palavra.
ESCOLA MUNICIPALIZADA AMELIA DE LIMA E SILVA,MENDES,RIO DE JANEIRO,4º ANO,C:\Users\User1\Downloads\OneDrive_1_02-06-2026 (1)\ESCOLA MUNICIPALIZADA AMELIA DE LIMA E SILVA\Consolidado Saex - 4º ANO.pdf,Língua Portuguesa,60,D022_P,Inferir o sentido de palavra ou expressão a partir do contexto.
ESCOLA MUNICIPALIZADA AMELIA DE LIMA E SILVA,MENDES,RIO DE JANEIRO,4º ANO,C:\Users\User1\Downloads\OneDrive_1_02-06-2026 (1)\ESCOLA MUNICIPALIZADA AMELIA DE LIMA E SILVA\Consolidado Saex - 4º ANO.pdf,Língua Portuguesa,60,D025_P,Reconhecer efeitos de sentido decorrentes do uso ou função da pontuação e de outras notações.
ESCOLA MUNICIPALIZADA AMELIA DE LIMA E SILVA,MENDES,RIO DE JANEIRO,4º ANO,C:\Users\User1\Downloads\OneDrive_1_02-06-2026 (1)\ESCOLA MUNICIPALIZADA AMELIA DE LIMA E SILVA\Consolidado Saex - 4º ANO.pdf,Língua Portuguesa,47,D016_P,Identificar a finalidade de textos de diferentes gêneros.
ESCOLA MUNICIPALIZADA AMELIA DE LIMA E SILVA,MENDES,RIO DE JANEIRO,4º ANO,C:\Users\User1\Downloads\OneDrive_1_02-06-2026 (1)\ESCOLA MUNICIPALIZADA AMELIA DE LIMA E SILVA\Consolidado Saex - 4º ANO.pdf,Língua Portuguesa,40,D023_P,Inferir informações em textos. (Matemática):
ESCOLA MUNICIPALIZADA AMELIA DE LIMA E SILVA,MENDES,RIO DE JANEIRO,4º ANO,C:\Users\User1\Downloads\OneDrive_1_02-06-2026 (1)\ESCOLA MUNICIPALIZADA AMELIA DE LIMA E SILVA\Consolidado Saex - 4º ANO.pdf,Matemática,67,D023_M,Identificar composições ou decomposições de números naturais.
ESCOLA MUNICIPALIZADA AMELIA DE LIMA E SILVA,MENDES,RIO DE JANEIRO,4º ANO,C:\Users\User1\Downloads\OneDrive_1_02-06-2026 (1)\ESCOLA MUNICIPALIZADA AMELIA DE LIMA E SILVA\Consolidado Saex - 4º ANO.pdf,Matemática,63,D066_M,"Utilizar números naturais, envolvendo diferentes significados da adição ou da subtração, na resolução de problemas."
ESCOLA MUNICIPALIZADA AMELIA DE LIMA E SILVA,MENDES,RIO DE JANEIRO,4º ANO,C:\Users\User1\Downloads\OneDrive_1_02-06-2026 (1)\ESCOLA MUNICIPALIZADA AMELIA DE LIMA E SILVA\Consolidado Saex - 4º ANO.pdf,Matemática,67,D028_M,"Identificar instrumentos utilizados para medir determinadas grandezas (massa, comprimento, capacidade, tempo e temperatura)."
ESCOLA MUNICIPALIZADA AMELIA DE LIMA E SILVA,MENDES,RIO DE JANEIRO,4º ANO,C:\Users\User1\Downloads\OneDrive_1_02-06-2026 (1)\ESCOLA MUNICIPALIZADA AMELIA DE LIMA E SILVA\Consolidado Saex - 4º ANO.pdf,Matemática,67,D045_M,Reconhecer horas em relógios digitais e/ou analógicos.
ESCOLA MUNICIPALIZADA AMELIA DE LIMA E SILVA,MENDES,RIO DE JANEIRO,4º ANO,C:\Users\User1\Downloads\OneDrive_1_02-06-2026 (1)\ESCOLA MUNICIPALIZADA AMELIA DE LIMA E SILVA\Consolidado Saex - 4º ANO.pdf,Matemática,67,D011_M,Corresponder o horário de início e de término com o intervalo de duração de um evento ou acontecimento.
ESCOLA MUNICIPALIZADA AMELIA DE LIMA E SILVA,MENDES,RIO DE JANEIRO,4º ANO,C:\Users\User1\Downloads\OneDrive_1_02-06-2026 (1)\ESCOLA MUNICIPALIZADA AMELIA DE LIMA E SILVA\Consolidado Saex - 4º ANO.pdf,Matemática,73,D067_M,"Utilizar números naturais, envolvendo diferentes significados da multiplicação ou da divisão, na resolução de problemas."
ESCOLA MUNICIPALIZADA AMELIA DE LIMA E SILVA,MENDES,RIO DE JANEIRO,4º ANO,C:\Users\User1\Downloads\OneDrive_1_02-06-2026 (1)\ESCOLA MUNICIPALIZADA AMELIA DE LIMA E SILVA\Consolidado Saex - 4º ANO.pdf,Matemática,80,D029_M,Identificar números naturais segundo critérios de ordem.
ESCOLA MUNICIPALIZADA AMELIA DE LIMA E SILVA,MENDES,RIO DE JANEIRO,4º ANO,C:\Users\User1\Downloads\OneDrive_1_02-06-2026 (1)\ESCOLA MUNICIPALIZADA AMELIA DE LIMA E SILVA\Consolidado Saex - 4º ANO.pdf,Matemática,80,D033_M,Identificar representações de figuras tridimensionais.
ESCOLA MUNICIPALIZADA AMELIA DE LIMA E SILVA,MENDES,RIO DE JANEIRO,4º ANO,C:\Users\User1\Downloads\OneDrive_1_02-06-2026 (1)\ESCOLA MUNICIPALIZADA AMELIA DE LIMA E SILVA\Consolidado Saex - 4º ANO.pdf,Matemática,80,D042_M,Reconhecer características do sistema de numeração decimal.
ESCOLA MUNICIPALIZADA AMELIA DE LIMA E SILVA,MENDES,RIO DE JANEIRO,4º ANO,C:\Users\User1\Downloads\OneDrive_1_02-06-2026 (1)\ESCOLA MUNICIPALIZADA AMELIA DE LIMA E SILVA\Consolidado Saex - 4º ANO.pdf,Matemática,87,D017_M,Executar adição ou subtração com números naturais.
ESCOLA MUNICIPALIZADA AMELIA DE LIMA E SILVA,MENDES,RIO DE JANEIRO,4º ANO,C:\Users\User1\Downloads\OneDrive_1_02-06-2026 (1)\ESCOLA MUNICIPALIZADA AMELIA DE LIMA E SILVA\Consolidado Saex - 4º ANO.pdf,Matemática,80,D008_M,Corresponder números naturais à sua escrita por extenso.
ESCOLA MUNICIPALIZADA AMELIA DE LIMA E SILVA,MENDES,RIO DE JANEIRO,4º ANO,C:\Users\User1\Downloads\OneDrive_1_02-06-2026 (1)\ESCOLA MUNICIPALIZADA AMELIA DE LIMA E SILVA\Consolidado Saex - 4º ANO.pdf,Matemática,80,D007_M,Corresponder números naturais a pontos da reta numérica.
ESCOLA MUNICIPALIZADA AMELIA DE LIMA E SILVA,MENDES,RIO DE JANEIRO,4º ANO,C:\Users\User1\Downloads\OneDrive_1_02-06-2026 (1)\ESCOLA MUNICIPALIZADA AMELIA DE LIMA E SILVA\Consolidado Saex - 4º ANO.pdf,Matemática,80,D022_M,Identificar a localização ou a movimentação de pessoas ou objetos em uma representação plana do espaço.
ESCOLA MUNICIPALIZADA AMELIA DE LIMA E SILVA,MENDES,RIO DE JANEIRO,4º ANO,C:\Users\User1\Downloads\OneDrive_1_02-06-2026 (1)\ESCOLA MUNICIPALIZADA AMELIA DE LIMA E SILVA\Consolidado Saex - 4º ANO.pdf,Matemática,80,D024_M,Identificar dados apresentados por meio de gráficos.
ESCOLA MUNICIPALIZADA AMELIA DE LIMA E SILVA,MENDES,RIO DE JANEIRO,4º ANO,C:\Users\User1\Downloads\OneDrive_1_02-06-2026 (1)\ESCOLA MUNICIPALIZADA AMELIA DE LIMA E SILVA\Consolidado Saex - 4º ANO.pdf,Matemática,77,D027_M,Identificar informações a partir de dados dispostos em tabelas.
ESCOLA MUNICIPALIZADA AMELIA DE LIMA E SILVA,MENDES,RIO DE JANEIRO,4º ANO,C:\Users\User1\Downloads\OneDrive_1_02-06-2026 (1)\ESCOLA MUNICIPALIZADA AMELIA DE LIMA E SILVA\Consolidado Saex - 4º ANO.pdf,Matemática,77,D056_M,Utilizar conversão entre unidades de medidas de tempo na resolução de problema.
ESCOLA MUNICIPALIZADA AMELIA DE LIMA E SILVA,MENDES,RIO DE JANEIRO,5º ANO,C:\Users\User1\Downloads\OneDrive_1_02-06-2026 (1)\ESCOLA MUNICIPALIZADA AMELIA DE LIMA E SILVA\Consolidado Saex - 5º ANO.pdf,Língua Portuguesa,76,D017_P,Reconhecer o gênero de um texto.
ESCOLA MUNICIPALIZADA AMELIA DE LIMA E SILVA,MENDES,RIO DE JANEIRO,5º ANO,C:\Users\User1\Downloads\OneDrive_1_02-06-2026 (1)\ESCOLA MUNICIPALIZADA AMELIA DE LIMA E SILVA\Consolidado Saex - 5º ANO.pdf,Língua Portuguesa,74,D030_P,Reconhecer os elementos que compõem uma narrativa e o conflito gerador.
ESCOLA MUNICIPALIZADA AMELIA DE LIMA E SILVA,MENDES,RIO DE JANEIRO,5º ANO,C:\Users\User1\Downloads\OneDrive_1_02-06-2026 (1)\ESCOLA MUNICIPALIZADA AMELIA DE LIMA E SILVA\Consolidado Saex - 5º ANO.pdf,Língua Portuguesa,72,D012_P,"Identificar efeito de sentido decorrente de recursos gráficos, seleção lexical e repetição."
ESCOLA MUNICIPALIZADA AMELIA DE LIMA E SILVA,MENDES,RIO DE JANEIRO,5º ANO,C:\Users\User1\Downloads\OneDrive_1_02-06-2026 (1)\ESCOLA MUNICIPALIZADA AMELIA DE LIMA E SILVA\Consolidado Saex - 5º ANO.pdf,Língua Portuguesa,72,D023_P,Inferir informações em textos.
ESCOLA MUNICIPALIZADA AMELIA DE LIMA E SILVA,MENDES,RIO DE JANEIRO,5º ANO,C:\Users\User1\Downloads\OneDrive_1_02-06-2026 (1)\ESCOLA MUNICIPALIZADA AMELIA DE LIMA E SILVA\Consolidado Saex - 5º ANO.pdf,Língua Portuguesa,58,D021_P,Localizar informação explícita.
ESCOLA MUNICIPALIZADA AMELIA DE LIMA E SILVA,MENDES,RIO DE JANEIRO,5º ANO,C:\Users\User1\Downloads\OneDrive_1_02-06-2026 (1)\ESCOLA MUNICIPALIZADA AMELIA DE LIMA E SILVA\Consolidado Saex - 5º ANO.pdf,Língua Portuguesa,53,D057_P,Interpretar textos que articulam elementos verbais e não verbais.
ESCOLA MUNICIPALIZADA AMELIA DE LIMA E SILVA,MENDES,RIO DE JANEIRO,5º ANO,C:\Users\User1\Downloads\OneDrive_1_02-06-2026 (1)\ESCOLA MUNICIPALIZADA AMELIA DE LIMA E SILVA\Consolidado Saex - 5º ANO.pdf,Língua Portuguesa,49,D022_P,Inferir o sentido de palavra ou expressão a partir do contexto.
ESCOLA MUNICIPALIZADA AMELIA DE LIMA E SILVA,MENDES,RIO DE JANEIRO,5º ANO,C:\Users\User1\Downloads\OneDrive_1_02-06-2026 (1)\ESCOLA MUNICIPALIZADA AMELIA DE LIMA E SILVA\Consolidado Saex - 5º ANO.pdf,Língua Portuguesa,39,D037_P,"Reconhecer as relações entre partes de um texto, identificando os recursos coesivos que contribuem para a sua continuidade."
ESCOLA MUNICIPALIZADA AMELIA DE LIMA E SILVA,MENDES,RIO DE JANEIRO,5º ANO,C:\Users\User1\Downloads\OneDrive_1_02-06-2026 (1)\ESCOLA MUNICIPALIZADA AMELIA DE LIMA E SILVA\Consolidado Saex - 5º ANO.pdf,Língua Portuguesa,39,D039_P,Reconhecer o sentido das relações lógico-discursivas em um texto.
ESCOLA MUNICIPALIZADA AMELIA DE LIMA E SILVA,MENDES,RIO DE JANEIRO,5º ANO,C:\Users\User1\Downloads\OneDrive_1_02-06-2026 (1)\ESCOLA MUNICIPALIZADA AMELIA DE LIMA E SILVA\Consolidado Saex - 5º ANO.pdf,Língua Portuguesa,39,D016_P,Identificar a finalidade de textos de diferentes gêneros.
ESCOLA MUNICIPALIZADA AMELIA DE LIMA E SILVA,MENDES,RIO DE JANEIRO,5º ANO,C:\Users\User1\Downloads\OneDrive_1_02-06-2026 (1)\ESCOLA MUNICIPALIZADA AMELIA DE LIMA E SILVA\Consolidado Saex - 5º ANO.pdf,Língua Portuguesa,26,D028_P,Reconhecer o assunto de um texto lido. (Matemática):
ESCOLA MUNICIPALIZADA AMELIA DE LIMA E SILVA,MENDES,RIO DE JANEIRO,5º ANO,C:\Users\User1\Downloads\OneDrive_1_02-06-2026 (1)\ESCOLA MUNICIPALIZADA AMELIA DE LIMA E SILVA\Consolidado Saex - 5º ANO.pdf,Matemática,78,D033_M,Identificar representações de figuras tridimensionais.
ESCOLA MUNICIPALIZADA AMELIA DE LIMA E SILVA,MENDES,RIO DE JANEIRO,5º ANO,C:\Users\User1\Downloads\OneDrive_1_02-06-2026 (1)\ESCOLA MUNICIPALIZADA AMELIA DE LIMA E SILVA\Consolidado Saex - 5º ANO.pdf,Matemática,89,D008_M,Corresponder números naturais à sua escrita por extenso.
ESCOLA MUNICIPALIZADA AMELIA DE LIMA E SILVA,MENDES,RIO DE JANEIRO,5º ANO,C:\Users\User1\Downloads\OneDrive_1_02-06-2026 (1)\ESCOLA MUNICIPALIZADA AMELIA DE LIMA E SILVA\Consolidado Saex - 5º ANO.pdf,Matemática,83,D022_M,Identificar a localização ou a movimentação de pessoas ou objetos em uma representação plana do espaço.
ESCOLA MUNICIPALIZADA AMELIA DE LIMA E SILVA,MENDES,RIO DE JANEIRO,5º ANO,C:\Users\User1\Downloads\OneDrive_1_02-06-2026 (1)\ESCOLA MUNICIPALIZADA AMELIA DE LIMA E SILVA\Consolidado Saex - 5º ANO.pdf,Matemática,6,D010_M,Corresponder números racionais na representação decimal à sua escrita por extenso.
ESCOLA MUNICIPALIZADA AMELIA DE LIMA E SILVA,MENDES,RIO DE JANEIRO,5º ANO,C:\Users\User1\Downloads\OneDrive_1_02-06-2026 (1)\ESCOLA MUNICIPALIZADA AMELIA DE LIMA E SILVA\Consolidado Saex - 5º ANO.pdf,Matemática,0,D055_M,"Utilizar conversão entre unidades de medida, na resolução de problema."
ESCOLA MUNICIPALIZADA AMELIA DE LIMA E SILVA,MENDES,RIO DE JANEIRO,5º ANO,C:\Users\User1\Downloads\OneDrive_1_02-06-2026 (1)\ESCOLA MUNICIPALIZADA AMELIA DE LIMA E SILVA\Consolidado Saex - 5º ANO.pdf,Matemática,17,D080_M,Utilizar perímetro de figuras bidimensionais na resolução de problema.
ESCOLA MUNICIPALIZADA AMELIA DE LIMA E SILVA,MENDES,RIO DE JANEIRO,5º ANO,C:\Users\User1\Downloads\OneDrive_1_02-06-2026 (1)\ESCOLA MUNICIPALIZADA AMELIA DE LIMA E SILVA\Consolidado Saex - 5º ANO.pdf,Matemática,11,D007_M,Corresponder números naturais a pontos da reta numérica.
ESCOLA MUNICIPALIZADA AMELIA DE LIMA E SILVA,MENDES,RIO DE JANEIRO,5º ANO,C:\Users\User1\Downloads\OneDrive_1_02-06-2026 (1)\ESCOLA MUNICIPALIZADA AMELIA DE LIMA E SILVA\Consolidado Saex - 5º ANO.pdf,Matemática,6,D026_M,Identificar frações equivalentes.
ESCOLA MUNICIPALIZADA AMELIA DE LIMA E SILVA,MENDES,RIO DE JANEIRO,5º ANO,C:\Users\User1\Downloads\OneDrive_1_02-06-2026 (1)\ESCOLA MUNICIPALIZADA AMELIA DE LIMA E SILVA\Consolidado Saex - 5º ANO.pdf,Matemática,33,D037_M,"Identificar uma sequência crescente ou decrescente, dentre uma coleção de sequências de números naturais."
ESCOLA MUNICIPALIZADA AMELIA DE LIMA E SILVA,MENDES,RIO DE JANEIRO,5º ANO,C:\Users\User1\Downloads\OneDrive_1_02-06-2026 (1)\ESCOLA MUNICIPALIZADA AMELIA DE LIMA E SILVA\Consolidado Saex - 5º ANO.pdf,Matemática,42,D011_M,Corresponder o horário de início e de término com o intervalo de duração de um evento ou acontecimento.
ESCOLA MUNICIPALIZADA AMELIA DE LIMA E SILVA,MENDES,RIO DE JANEIRO,5º ANO,C:\Users\User1\Downloads\OneDrive_1_02-06-2026 (1)\ESCOLA MUNICIPALIZADA AMELIA DE LIMA E SILVA\Consolidado Saex - 5º ANO.pdf,Matemática,42,D045_M,Reconhecer horas em relógios digitais e/ou analógicos.
ESCOLA MUNICIPALIZADA AMELIA DE LIMA E SILVA,MENDES,RIO DE JANEIRO,5º ANO,C:\Users\User1\Downloads\OneDrive_1_02-06-2026 (1)\ESCOLA MUNICIPALIZADA AMELIA DE LIMA E SILVA\Consolidado Saex - 5º ANO.pdf,Matemática,39,D009_M,Corresponder números racionais a pontos da reta numérica.
ESCOLA MUNICIPALIZADA AMELIA DE LIMA E SILVA,MENDES,RIO DE JANEIRO,5º ANO,C:\Users\User1\Downloads\OneDrive_1_02-06-2026 (1)\ESCOLA MUNICIPALIZADA AMELIA DE LIMA E SILVA\Consolidado Saex - 5º ANO.pdf,Matemática,72,D042_M,Reconhecer características do sistema de numeração decimal.
ESCOLA MUNICIPALIZADA AMELIA DE LIMA E SILVA,MENDES,RIO DE JANEIRO,5º ANO,C:\Users\User1\Downloads\OneDrive_1_02-06-2026 (1)\ESCOLA MUNICIPALIZADA AMELIA DE LIMA E SILVA\Consolidado Saex - 5º ANO.pdf,Matemática,67,D066_M,"Utilizar números naturais, envolvendo diferentes significados da adição ou da subtração, na resolução de problemas."
ESCOLA MUNICIPALIZADA AMELIA DE LIMA E SILVA,MENDES,RIO DE JANEIRO,5º ANO,C:\Users\User1\Downloads\OneDrive_1_02-06-2026 (1)\ESCOLA MUNICIPALIZADA AMELIA DE LIMA E SILVA\Consolidado Saex - 5º ANO.pdf,Matemática,61,D065_M,"Utilizar números naturais e racionais, envolvendo diferentes significados da adição ou da subtração, na resolução de problemas."
ESCOLA MUNICIPALIZADA AMELIA DE LIMA E SILVA,MENDES,RIO DE JANEIRO,5º ANO,C:\Users\User1\Downloads\OneDrive_1_02-06-2026 (1)\ESCOLA MUNICIPALIZADA AMELIA DE LIMA E SILVA\Consolidado Saex - 5º ANO.pdf,Matemática,61,D012_M,Corresponder objetos em uma representação plana do espaço à sua localização descrita por meio de um par ordenado.
ESCOLA MUNICIPALIZADA AMELIA DE LIMA E SILVA,MENDES,RIO DE JANEIRO,5º ANO,C:\Users\User1\Downloads\OneDrive_1_02-06-2026 (1)\ESCOLA MUNICIPALIZADA AMELIA DE LIMA E SILVA\Consolidado Saex - 5º ANO.pdf,Matemática,47,D031_M,"Identificar polígonos de acordo com as características dos seus lados, vértices e ângulos internos."
ESCOLA MUNICIPALIZADA AMELIA DE LIMA E SILVA,MENDES,RIO DE JANEIRO,5º ANO,C:\Users\User1\Downloads\OneDrive_1_02-06-2026 (1)\ESCOLA MUNICIPALIZADA AMELIA DE LIMA E SILVA\Consolidado Saex - 5º ANO.pdf,Matemática,39,D015_M,Determinar o número desconhecido que torna verdadeira uma igualdade matemática envolvendo representação simbólica.
ESCOLA MUNICIPALIZADA AMELIA DE LIMA E SILVA,MENDES,RIO DE JANEIRO,5º ANO,C:\Users\User1\Downloads\OneDrive_1_02-06-2026 (1)\ESCOLA MUNICIPALIZADA AMELIA DE LIMA E SILVA\Consolidado Saex - 5º ANO.pdf,Matemática,39,D044_M,Reconhecer fração como representação associada a diferentes significados.
ESCOLA MUNICIPALIZADA PREFEITO JOAO GURITO,MENDES,RIO DE JANEIRO,2º ANO,C:\Users\User1\Downloads\OneDrive_1_02-06-2026 (1)\ESCOLA MUNICIPALIZADA PREFEITO JOAO GURITO\Consolidado Saex - 2º ANO.pdf,Língua Portuguesa,93,D002_P,Reconhecer as letras do alfabeto.
ESCOLA MUNICIPALIZADA PREFEITO JOAO GURITO,MENDES,RIO DE JANEIRO,2º ANO,C:\Users\User1\Downloads\OneDrive_1_02-06-2026 (1)\ESCOLA MUNICIPALIZADA PREFEITO JOAO GURITO\Consolidado Saex - 2º ANO.pdf,Língua Portuguesa,93,D007_P,Identificar o número de sílabas de uma palavra.
ESCOLA MUNICIPALIZADA PREFEITO JOAO GURITO,MENDES,RIO DE JANEIRO,2º ANO,C:\Users\User1\Downloads\OneDrive_1_02-06-2026 (1)\ESCOLA MUNICIPALIZADA PREFEITO JOAO GURITO\Consolidado Saex - 2º ANO.pdf,Língua Portuguesa,87,D009_P,Ler palavras formadas por sílabas canônicas.
ESCOLA MUNICIPALIZADA PREFEITO JOAO GURITO,MENDES,RIO DE JANEIRO,2º ANO,C:\Users\User1\Downloads\OneDrive_1_02-06-2026 (1)\ESCOLA MUNICIPALIZADA PREFEITO JOAO GURITO\Consolidado Saex - 2º ANO.pdf,Língua Portuguesa,87,D010_P,Ler palavras formadas por sílabas não canônicas.
ESCOLA MUNICIPALIZADA PREFEITO JOAO GURITO,MENDES,RIO DE JANEIRO,2º ANO,C:\Users\User1\Downloads\OneDrive_1_02-06-2026 (1)\ESCOLA MUNICIPALIZADA PREFEITO JOAO GURITO\Consolidado Saex - 2º ANO.pdf,Língua Portuguesa,77,D003_P,Reconhecer as diferentes formas de grafar uma mesma letra ou palavra.
ESCOLA MUNICIPALIZADA PREFEITO JOAO GURITO,MENDES,RIO DE JANEIRO,2º ANO,C:\Users\User1\Downloads\OneDrive_1_02-06-2026 (1)\ESCOLA MUNICIPALIZADA PREFEITO JOAO GURITO\Consolidado Saex - 2º ANO.pdf,Língua Portuguesa,77,D014_P,Identificar variações de sons de grafemas.
ESCOLA MUNICIPALIZADA PREFEITO JOAO GURITO,MENDES,RIO DE JANEIRO,2º ANO,C:\Users\User1\Downloads\OneDrive_1_02-06-2026 (1)\ESCOLA MUNICIPALIZADA PREFEITO JOAO GURITO\Consolidado Saex - 2º ANO.pdf,Língua Portuguesa,63,D008_P,Identificar sílabas de uma palavra.
ESCOLA MUNICIPALIZADA PREFEITO JOAO GURITO,MENDES,RIO DE JANEIRO,2º ANO,C:\Users\User1\Downloads\OneDrive_1_02-06-2026 (1)\ESCOLA MUNICIPALIZADA PREFEITO JOAO GURITO\Consolidado Saex - 2º ANO.pdf,Língua Portuguesa,47,D006_P,Identificar rimas.
ESCOLA MUNICIPALIZADA PREFEITO JOAO GURITO,MENDES,RIO DE JANEIRO,2º ANO,C:\Users\User1\Downloads\OneDrive_1_02-06-2026 (1)\ESCOLA MUNICIPALIZADA PREFEITO JOAO GURITO\Consolidado Saex - 2º ANO.pdf,Língua Portuguesa,47,D017_P,Reconhecer o gênero de um texto.
ESCOLA MUNICIPALIZADA PREFEITO JOAO GURITO,MENDES,RIO DE JANEIRO,2º ANO,C:\Users\User1\Downloads\OneDrive_1_02-06-2026 (1)\ESCOLA MUNICIPALIZADA PREFEITO JOAO GURITO\Consolidado Saex - 2º ANO.pdf,Língua Portuguesa,40,D016_P,Identificar a finalidade de textos de diferentes gêneros.
ESCOLA MUNICIPALIZADA PREFEITO JOAO GURITO,MENDES,RIO DE JANEIRO,2º ANO,C:\Users\User1\Downloads\OneDrive_1_02-06-2026 (1)\ESCOLA MUNICIPALIZADA PREFEITO JOAO GURITO\Consolidado Saex - 2º ANO.pdf,Língua Portuguesa,40,D013_P,Reconhecer o local de inserção de determinada palavra numa sequência em ordem alfabética.
ESCOLA MUNICIPALIZADA PREFEITO JOAO GURITO,MENDES,RIO DE JANEIRO,2º ANO,C:\Users\User1\Downloads\OneDrive_1_02-06-2026 (1)\ESCOLA MUNICIPALIZADA PREFEITO JOAO GURITO\Consolidado Saex - 2º ANO.pdf,Língua Portuguesa,40,D023_P,Inferir informações em textos.
ESCOLA MUNICIPALIZADA PREFEITO JOAO GURITO,MENDES,RIO DE JANEIRO,2º ANO,C:\Users\User1\Downloads\OneDrive_1_02-06-2026 (1)\ESCOLA MUNICIPALIZADA PREFEITO JOAO GURITO\Consolidado Saex - 2º ANO.pdf,Língua Portuguesa,27,D005_P,Identificar a unidade palavra em frases. (Matemática):
ESCOLA MUNICIPALIZADA PREFEITO JOAO GURITO,MENDES,RIO DE JANEIRO,2º ANO,C:\Users\User1\Downloads\OneDrive_1_02-06-2026 (1)\ESCOLA MUNICIPALIZADA PREFEITO JOAO GURITO\Consolidado Saex - 2º ANO.pdf,Matemática,97,D033_M,Identificar representações de figuras tridimensionais.
ESCOLA MUNICIPALIZADA PREFEITO JOAO GURITO,MENDES,RIO DE JANEIRO,2º ANO,C:\Users\User1\Downloads\OneDrive_1_02-06-2026 (1)\ESCOLA MUNICIPALIZADA PREFEITO JOAO GURITO\Consolidado Saex - 2º ANO.pdf,Matemática,27,D056_M,Utilizar conversão entre unidades de medidas de tempo na resolução de problema.
ESCOLA MUNICIPALIZADA PREFEITO JOAO GURITO,MENDES,RIO DE JANEIRO,2º ANO,C:\Users\User1\Downloads\OneDrive_1_02-06-2026 (1)\ESCOLA MUNICIPALIZADA PREFEITO JOAO GURITO\Consolidado Saex - 2º ANO.pdf,Matemática,73,D032_M,Identificar representações de figuras bidimensionais.
ESCOLA MUNICIPALIZADA PREFEITO JOAO GURITO,MENDES,RIO DE JANEIRO,2º ANO,C:\Users\User1\Downloads\OneDrive_1_02-06-2026 (1)\ESCOLA MUNICIPALIZADA PREFEITO JOAO GURITO\Consolidado Saex - 2º ANO.pdf,Matemática,73,D004_M,Comparar ou ordenar quantidades pela contagem.
ESCOLA MUNICIPALIZADA PREFEITO JOAO GURITO,MENDES,RIO DE JANEIRO,2º ANO,C:\Users\User1\Downloads\OneDrive_1_02-06-2026 (1)\ESCOLA MUNICIPALIZADA PREFEITO JOAO GURITO\Consolidado Saex - 2º ANO.pdf,Matemática,70,D066_M,"Utilizar números naturais, envolvendo diferentes significados da adição ou da subtração, na resolução de problemas."
ESCOLA MUNICIPALIZADA PREFEITO JOAO GURITO,MENDES,RIO DE JANEIRO,2º ANO,C:\Users\User1\Downloads\OneDrive_1_02-06-2026 (1)\ESCOLA MUNICIPALIZADA PREFEITO JOAO GURITO\Consolidado Saex - 2º ANO.pdf,Matemática,93,D027_M,Identificar informações a partir de dados dispostos em tabelas.
ESCOLA MUNICIPALIZADA PREFEITO JOAO GURITO,MENDES,RIO DE JANEIRO,2º ANO,C:\Users\User1\Downloads\OneDrive_1_02-06-2026 (1)\ESCOLA MUNICIPALIZADA PREFEITO JOAO GURITO\Consolidado Saex - 2º ANO.pdf,Matemática,93,D005_M,Corresponder cédulas e/ou moedas do Sistema Monetário Brasileiro.
ESCOLA MUNICIPALIZADA PREFEITO JOAO GURITO,MENDES,RIO DE JANEIRO,2º ANO,C:\Users\User1\Downloads\OneDrive_1_02-06-2026 (1)\ESCOLA MUNICIPALIZADA PREFEITO JOAO GURITO\Consolidado Saex - 2º ANO.pdf,Matemática,90,D029_M,Identificar números naturais segundo critérios de ordem.
ESCOLA MUNICIPALIZADA PREFEITO JOAO GURITO,MENDES,RIO DE JANEIRO,2º ANO,C:\Users\User1\Downloads\OneDrive_1_02-06-2026 (1)\ESCOLA MUNICIPALIZADA PREFEITO JOAO GURITO\Consolidado Saex - 2º ANO.pdf,Matemática,87,D003_M,"Comparar ou ordenar o objeto/pessoa/animal por meio dos atributos de comprimento, altura, espessura e tamanho."
ESCOLA MUNICIPALIZADA PREFEITO JOAO GURITO,MENDES,RIO DE JANEIRO,2º ANO,C:\Users\User1\Downloads\OneDrive_1_02-06-2026 (1)\ESCOLA MUNICIPALIZADA PREFEITO JOAO GURITO\Consolidado Saex - 2º ANO.pdf,Matemática,83,D016_M,Executar a contagem de um grupo de objetos/pessoas/animais.
ESCOLA MUNICIPALIZADA PREFEITO JOAO GURITO,MENDES,RIO DE JANEIRO,2º ANO,C:\Users\User1\Downloads\OneDrive_1_02-06-2026 (1)\ESCOLA MUNICIPALIZADA PREFEITO JOAO GURITO\Consolidado Saex - 2º ANO.pdf,Matemática,67,D022_M,Identificar a localização ou a movimentação de pessoas ou objetos em uma representação plana do espaço.
ESCOLA MUNICIPALIZADA PREFEITO JOAO GURITO,MENDES,RIO DE JANEIRO,2º ANO,C:\Users\User1\Downloads\OneDrive_1_02-06-2026 (1)\ESCOLA MUNICIPALIZADA PREFEITO JOAO GURITO\Consolidado Saex - 2º ANO.pdf,Matemática,64,D017_M,Executar adição ou subtração com números naturais.
ESCOLA MUNICIPALIZADA PREFEITO JOAO GURITO,MENDES,RIO DE JANEIRO,3º ANO,C:\Users\User1\Downloads\OneDrive_1_02-06-2026 (1)\ESCOLA MUNICIPALIZADA PREFEITO JOAO GURITO\Consolidado Saex - 3º ANO.pdf,Língua Portuguesa,100,D015_P,Ler frases.
ESCOLA MUNICIPALIZADA PREFEITO JOAO GURITO,MENDES,RIO DE JANEIRO,3º ANO,C:\Users\User1\Downloads\OneDrive_1_02-06-2026 (1)\ESCOLA MUNICIPALIZADA PREFEITO JOAO GURITO\Consolidado Saex - 3º ANO.pdf,Língua Portuguesa,93,D009_P,Ler palavras formadas por sílabas canônicas.
ESCOLA MUNICIPALIZADA PREFEITO JOAO GURITO,MENDES,RIO DE JANEIRO,3º ANO,C:\Users\User1\Downloads\OneDrive_1_02-06-2026 (1)\ESCOLA MUNICIPALIZADA PREFEITO JOAO GURITO\Consolidado Saex - 3º ANO.pdf,Língua Portuguesa,93,D003_P,Reconhecer as diferentes formas de grafar uma mesma letra ou palavra.
ESCOLA MUNICIPALIZADA PREFEITO JOAO GURITO,MENDES,RIO DE JANEIRO,3º ANO,C:\Users\User1\Downloads\OneDrive_1_02-06-2026 (1)\ESCOLA MUNICIPALIZADA PREFEITO JOAO GURITO\Consolidado Saex - 3º ANO.pdf,Língua Portuguesa,93,D017_P,Reconhecer o gênero de um texto.
ESCOLA MUNICIPALIZADA PREFEITO JOAO GURITO,MENDES,RIO DE JANEIRO,3º ANO,C:\Users\User1\Downloads\OneDrive_1_02-06-2026 (1)\ESCOLA MUNICIPALIZADA PREFEITO JOAO GURITO\Consolidado Saex - 3º ANO.pdf,Língua Portuguesa,93,D030_P,Reconhecer os elementos que compõem uma narrativa e o conflito gerador.
ESCOLA MUNICIPALIZADA PREFEITO JOAO GURITO,MENDES,RIO DE JANEIRO,3º ANO,C:\Users\User1\Downloads\OneDrive_1_02-06-2026 (1)\ESCOLA MUNICIPALIZADA PREFEITO JOAO GURITO\Consolidado Saex - 3º ANO.pdf,Língua Portuguesa,87,D005_P,Identificar a unidade palavra em frases.
ESCOLA MUNICIPALIZADA PREFEITO JOAO GURITO,MENDES,RIO DE JANEIRO,3º ANO,C:\Users\User1\Downloads\OneDrive_1_02-06-2026 (1)\ESCOLA MUNICIPALIZADA PREFEITO JOAO GURITO\Consolidado Saex - 3º ANO.pdf,Língua Portuguesa,87,D007_P,Identificar o número de sílabas de uma palavra.
ESCOLA MUNICIPALIZADA PREFEITO JOAO GURITO,MENDES,RIO DE JANEIRO,3º ANO,C:\Users\User1\Downloads\OneDrive_1_02-06-2026 (1)\ESCOLA MUNICIPALIZADA PREFEITO JOAO GURITO\Consolidado Saex - 3º ANO.pdf,Língua Portuguesa,83,D010_P,Ler palavras formadas por sílabas não canônicas.
ESCOLA MUNICIPALIZADA PREFEITO JOAO GURITO,MENDES,RIO DE JANEIRO,3º ANO,C:\Users\User1\Downloads\OneDrive_1_02-06-2026 (1)\ESCOLA MUNICIPALIZADA PREFEITO JOAO GURITO\Consolidado Saex - 3º ANO.pdf,Língua Portuguesa,83,D008_P,Identificar sílabas de uma palavra.
ESCOLA MUNICIPALIZADA PREFEITO JOAO GURITO,MENDES,RIO DE JANEIRO,3º ANO,C:\Users\User1\Downloads\OneDrive_1_02-06-2026 (1)\ESCOLA MUNICIPALIZADA PREFEITO JOAO GURITO\Consolidado Saex - 3º ANO.pdf,Língua Portuguesa,80,D016_P,Identificar a finalidade de textos de diferentes gêneros.
ESCOLA MUNICIPALIZADA PREFEITO JOAO GURITO,MENDES,RIO DE JANEIRO,3º ANO,C:\Users\User1\Downloads\OneDrive_1_02-06-2026 (1)\ESCOLA MUNICIPALIZADA PREFEITO JOAO GURITO\Consolidado Saex - 3º ANO.pdf,Língua Portuguesa,67,D028_P,Reconhecer o assunto de um texto lido.
ESCOLA MUNICIPALIZADA PREFEITO JOAO GURITO,MENDES,RIO DE JANEIRO,3º ANO,C:\Users\User1\Downloads\OneDrive_1_02-06-2026 (1)\ESCOLA MUNICIPALIZADA PREFEITO JOAO GURITO\Consolidado Saex - 3º ANO.pdf,Língua Portuguesa,53,D006_P,Identificar rimas.
ESCOLA MUNICIPALIZADA PREFEITO JOAO GURITO,MENDES,RIO DE JANEIRO,3º ANO,C:\Users\User1\Downloads\OneDrive_1_02-06-2026 (1)\ESCOLA MUNICIPALIZADA PREFEITO JOAO GURITO\Consolidado Saex - 3º ANO.pdf,Língua Portuguesa,53,D021_P,Localizar informação explícita.
ESCOLA MUNICIPALIZADA PREFEITO JOAO GURITO,MENDES,RIO DE JANEIRO,3º ANO,C:\Users\User1\Downloads\OneDrive_1_02-06-2026 (1)\ESCOLA MUNICIPALIZADA PREFEITO JOAO GURITO\Consolidado Saex - 3º ANO.pdf,Língua Portuguesa,33,D014_P,Identificar variações de sons de grafemas.
ESCOLA MUNICIPALIZADA PREFEITO JOAO GURITO,MENDES,RIO DE JANEIRO,3º ANO,C:\Users\User1\Downloads\OneDrive_1_02-06-2026 (1)\ESCOLA MUNICIPALIZADA PREFEITO JOAO GURITO\Consolidado Saex - 3º ANO.pdf,Língua Portuguesa,33,D023_P,Inferir informações em textos.
ESCOLA MUNICIPALIZADA PREFEITO JOAO GURITO,MENDES,RIO DE JANEIRO,3º ANO,C:\Users\User1\Downloads\OneDrive_1_02-06-2026 (1)\ESCOLA MUNICIPALIZADA PREFEITO JOAO GURITO\Consolidado Saex - 3º ANO.pdf,Língua Portuguesa,27,D012_P,"Identificar efeito de sentido decorrente de recursos gráficos, seleção lexical e repetição. (Matemática):"
ESCOLA MUNICIPALIZADA PREFEITO JOAO GURITO,MENDES,RIO DE JANEIRO,3º ANO,C:\Users\User1\Downloads\OneDrive_1_02-06-2026 (1)\ESCOLA MUNICIPALIZADA PREFEITO JOAO GURITO\Consolidado Saex - 3º ANO.pdf,Matemática,73,D056_M,Utilizar conversão entre unidades de medidas de tempo na resolução de problema.
ESCOLA MUNICIPALIZADA PREFEITO JOAO GURITO,MENDES,RIO DE JANEIRO,3º ANO,C:\Users\User1\Downloads\OneDrive_1_02-06-2026 (1)\ESCOLA MUNICIPALIZADA PREFEITO JOAO GURITO\Consolidado Saex - 3º ANO.pdf,Matemática,67,D022_M,Identificar a localização ou a movimentação de pessoas ou objetos em uma representação plana do espaço.
ESCOLA MUNICIPALIZADA PREFEITO JOAO GURITO,MENDES,RIO DE JANEIRO,3º ANO,C:\Users\User1\Downloads\OneDrive_1_02-06-2026 (1)\ESCOLA MUNICIPALIZADA PREFEITO JOAO GURITO\Consolidado Saex - 3º ANO.pdf,Matemática,80,D066_M,"Utilizar números naturais, envolvendo diferentes significados da adição ou da subtração, na resolução de problemas."
ESCOLA MUNICIPALIZADA PREFEITO JOAO GURITO,MENDES,RIO DE JANEIRO,3º ANO,C:\Users\User1\Downloads\OneDrive_1_02-06-2026 (1)\ESCOLA MUNICIPALIZADA PREFEITO JOAO GURITO\Consolidado Saex - 3º ANO.pdf,Matemática,80,D023_M,Identificar composições ou decomposições de números naturais.
ESCOLA MUNICIPALIZADA PREFEITO JOAO GURITO,MENDES,RIO DE JANEIRO,3º ANO,C:\Users\User1\Downloads\OneDrive_1_02-06-2026 (1)\ESCOLA MUNICIPALIZADA PREFEITO JOAO GURITO\Consolidado Saex - 3º ANO.pdf,Matemática,73,D029_M,Identificar números naturais segundo critérios de ordem.
ESCOLA MUNICIPALIZADA PREFEITO JOAO GURITO,MENDES,RIO DE JANEIRO,3º ANO,C:\Users\User1\Downloads\OneDrive_1_02-06-2026 (1)\ESCOLA MUNICIPALIZADA PREFEITO JOAO GURITO\Consolidado Saex - 3º ANO.pdf,Matemática,80,D042_M,Reconhecer características do sistema de numeração decimal.
ESCOLA MUNICIPALIZADA PREFEITO JOAO GURITO,MENDES,RIO DE JANEIRO,3º ANO,C:\Users\User1\Downloads\OneDrive_1_02-06-2026 (1)\ESCOLA MUNICIPALIZADA PREFEITO JOAO GURITO\Consolidado Saex - 3º ANO.pdf,Matemática,93,D032_M,Identificar representações de figuras bidimensionais.
ESCOLA MUNICIPALIZADA PREFEITO JOAO GURITO,MENDES,RIO DE JANEIRO,3º ANO,C:\Users\User1\Downloads\OneDrive_1_02-06-2026 (1)\ESCOLA MUNICIPALIZADA PREFEITO JOAO GURITO\Consolidado Saex - 3º ANO.pdf,Matemática,93,D067_M,"Utilizar números naturais, envolvendo diferentes significados da multiplicação ou da divisão, na resolução de problemas."
ESCOLA MUNICIPALIZADA PREFEITO JOAO GURITO,MENDES,RIO DE JANEIRO,3º ANO,C:\Users\User1\Downloads\OneDrive_1_02-06-2026 (1)\ESCOLA MUNICIPALIZADA PREFEITO JOAO GURITO\Consolidado Saex - 3º ANO.pdf,Matemática,90,D005_M,Corresponder cédulas e/ou moedas do Sistema Monetário Brasileiro.
ESCOLA MUNICIPALIZADA PREFEITO JOAO GURITO,MENDES,RIO DE JANEIRO,3º ANO,C:\Users\User1\Downloads\OneDrive_1_02-06-2026 (1)\ESCOLA MUNICIPALIZADA PREFEITO JOAO GURITO\Consolidado Saex - 3º ANO.pdf,Matemática,100,D028_M,"Identificar instrumentos utilizados para medir determinadas grandezas (massa, comprimento, capacidade, tempo e temperatura)."
ESCOLA MUNICIPALIZADA PREFEITO JOAO GURITO,MENDES,RIO DE JANEIRO,3º ANO,C:\Users\User1\Downloads\OneDrive_1_02-06-2026 (1)\ESCOLA MUNICIPALIZADA PREFEITO JOAO GURITO\Consolidado Saex - 3º ANO.pdf,Matemática,97,D027_M,Identificar informações a partir de dados dispostos em tabelas.
ESCOLA MUNICIPALIZADA PREFEITO JOAO GURITO,MENDES,RIO DE JANEIRO,3º ANO,C:\Users\User1\Downloads\OneDrive_1_02-06-2026 (1)\ESCOLA MUNICIPALIZADA PREFEITO JOAO GURITO\Consolidado Saex - 3º ANO.pdf,Matemática,93,D024_M,Identificar dados apresentados por meio de gráficos.
ESCOLA MUNICIPALIZADA PREFEITO JOAO GURITO,MENDES,RIO DE JANEIRO,3º ANO,C:\Users\User1\Downloads\OneDrive_1_02-06-2026 (1)\ESCOLA MUNICIPALIZADA PREFEITO JOAO GURITO\Consolidado Saex - 3º ANO.pdf,Matemática,87,D033_M,Identificar representações de figuras tridimensionais.
ESCOLA MUNICIPALIZADA PREFEITO JOAO GURITO,MENDES,RIO DE JANEIRO,3º ANO,C:\Users\User1\Downloads\OneDrive_1_02-06-2026 (1)\ESCOLA MUNICIPALIZADA PREFEITO JOAO GURITO\Consolidado Saex - 3º ANO.pdf,Matemática,87,D017_M,Executar adição ou subtração com números naturais.
ESCOLA MUNICIPALIZADA PREFEITO JOAO GURITO,MENDES,RIO DE JANEIRO,4º ANO,C:\Users\User1\Downloads\OneDrive_1_02-06-2026 (1)\ESCOLA MUNICIPALIZADA PREFEITO JOAO GURITO\Consolidado Saex - 4º ANO.pdf,Língua Portuguesa,100,D010_P,Ler palavras formadas por sílabas não canônicas.
ESCOLA MUNICIPALIZADA PREFEITO JOAO GURITO,MENDES,RIO DE JANEIRO,4º ANO,C:\Users\User1\Downloads\OneDrive_1_02-06-2026 (1)\ESCOLA MUNICIPALIZADA PREFEITO JOAO GURITO\Consolidado Saex - 4º ANO.pdf,Língua Portuguesa,93,D007_P,Identificar o número de sílabas de uma palavra.
ESCOLA MUNICIPALIZADA PREFEITO JOAO GURITO,MENDES,RIO DE JANEIRO,4º ANO,C:\Users\User1\Downloads\OneDrive_1_02-06-2026 (1)\ESCOLA MUNICIPALIZADA PREFEITO JOAO GURITO\Consolidado Saex - 4º ANO.pdf,Língua Portuguesa,87,D009_P,Ler palavras formadas por sílabas canônicas.
ESCOLA MUNICIPALIZADA PREFEITO JOAO GURITO,MENDES,RIO DE JANEIRO,4º ANO,C:\Users\User1\Downloads\OneDrive_1_02-06-2026 (1)\ESCOLA MUNICIPALIZADA PREFEITO JOAO GURITO\Consolidado Saex - 4º ANO.pdf,Língua Portuguesa,87,D012_P,"Identificar efeito de sentido decorrente de recursos gráficos, seleção lexical e repetição."
ESCOLA MUNICIPALIZADA PREFEITO JOAO GURITO,MENDES,RIO DE JANEIRO,4º ANO,C:\Users\User1\Downloads\OneDrive_1_02-06-2026 (1)\ESCOLA MUNICIPALIZADA PREFEITO JOAO GURITO\Consolidado Saex - 4º ANO.pdf,Língua Portuguesa,80,D006_P,Identificar rimas.
ESCOLA MUNICIPALIZADA PREFEITO JOAO GURITO,MENDES,RIO DE JANEIRO,4º ANO,C:\Users\User1\Downloads\OneDrive_1_02-06-2026 (1)\ESCOLA MUNICIPALIZADA PREFEITO JOAO GURITO\Consolidado Saex - 4º ANO.pdf,Língua Portuguesa,73,D017_P,Reconhecer o gênero de um texto.
ESCOLA MUNICIPALIZADA PREFEITO JOAO GURITO,MENDES,RIO DE JANEIRO,4º ANO,C:\Users\User1\Downloads\OneDrive_1_02-06-2026 (1)\ESCOLA MUNICIPALIZADA PREFEITO JOAO GURITO\Consolidado Saex - 4º ANO.pdf,Língua Portuguesa,70,D028_P,Reconhecer o assunto de um texto lido.
ESCOLA MUNICIPALIZADA PREFEITO JOAO GURITO,MENDES,RIO DE JANEIRO,4º ANO,C:\Users\User1\Downloads\OneDrive_1_02-06-2026 (1)\ESCOLA MUNICIPALIZADA PREFEITO JOAO GURITO\Consolidado Saex - 4º ANO.pdf,Língua Portuguesa,70,D030_P,Reconhecer os elementos que compõem uma narrativa e o conflito gerador.
ESCOLA MUNICIPALIZADA PREFEITO JOAO GURITO,MENDES,RIO DE JANEIRO,4º ANO,C:\Users\User1\Downloads\OneDrive_1_02-06-2026 (1)\ESCOLA MUNICIPALIZADA PREFEITO JOAO GURITO\Consolidado Saex - 4º ANO.pdf,Língua Portuguesa,67,D022_P,Inferir o sentido de palavra ou expressão a partir do contexto.
ESCOLA MUNICIPALIZADA PREFEITO JOAO GURITO,MENDES,RIO DE JANEIRO,4º ANO,C:\Users\User1\Downloads\OneDrive_1_02-06-2026 (1)\ESCOLA MUNICIPALIZADA PREFEITO JOAO GURITO\Consolidado Saex - 4º ANO.pdf,Língua Portuguesa,63,D016_P,Identificar a finalidade de textos de diferentes gêneros.
ESCOLA MUNICIPALIZADA PREFEITO JOAO GURITO,MENDES,RIO DE JANEIRO,4º ANO,C:\Users\User1\Downloads\OneDrive_1_02-06-2026 (1)\ESCOLA MUNICIPALIZADA PREFEITO JOAO GURITO\Consolidado Saex - 4º ANO.pdf,Língua Portuguesa,60,D023_P,Inferir informações em textos.
ESCOLA MUNICIPALIZADA PREFEITO JOAO GURITO,MENDES,RIO DE JANEIRO,4º ANO,C:\Users\User1\Downloads\OneDrive_1_02-06-2026 (1)\ESCOLA MUNICIPALIZADA PREFEITO JOAO GURITO\Consolidado Saex - 4º ANO.pdf,Língua Portuguesa,47,D025_P,Reconhecer efeitos de sentido decorrentes do uso ou função da pontuação e de outras notações.
ESCOLA MUNICIPALIZADA PREFEITO JOAO GURITO,MENDES,RIO DE JANEIRO,4º ANO,C:\Users\User1\Downloads\OneDrive_1_02-06-2026 (1)\ESCOLA MUNICIPALIZADA PREFEITO JOAO GURITO\Consolidado Saex - 4º ANO.pdf,Língua Portuguesa,43,D021_P,Localizar informação explícita.
ESCOLA MUNICIPALIZADA PREFEITO JOAO GURITO,MENDES,RIO DE JANEIRO,4º ANO,C:\Users\User1\Downloads\OneDrive_1_02-06-2026 (1)\ESCOLA MUNICIPALIZADA PREFEITO JOAO GURITO\Consolidado Saex - 4º ANO.pdf,Língua Portuguesa,43,D037_P,"Reconhecer as relações entre partes de um texto, identificando os recursos coesivos que contribuem para a sua continuidade. (Matemática):"
ESCOLA MUNICIPALIZADA PREFEITO JOAO GURITO,MENDES,RIO DE JANEIRO,4º ANO,C:\Users\User1\Downloads\OneDrive_1_02-06-2026 (1)\ESCOLA MUNICIPALIZADA PREFEITO JOAO GURITO\Consolidado Saex - 4º ANO.pdf,Matemática,23,D045_M,Reconhecer horas em relógios digitais e/ou analógicos.
ESCOLA MUNICIPALIZADA PREFEITO JOAO GURITO,MENDES,RIO DE JANEIRO,4º ANO,C:\Users\User1\Downloads\OneDrive_1_02-06-2026 (1)\ESCOLA MUNICIPALIZADA PREFEITO JOAO GURITO\Consolidado Saex - 4º ANO.pdf,Matemática,7,D028_M,"Identificar instrumentos utilizados para medir determinadas grandezas (massa, comprimento, capacidade, tempo e temperatura)."
ESCOLA MUNICIPALIZADA PREFEITO JOAO GURITO,MENDES,RIO DE JANEIRO,4º ANO,C:\Users\User1\Downloads\OneDrive_1_02-06-2026 (1)\ESCOLA MUNICIPALIZADA PREFEITO JOAO GURITO\Consolidado Saex - 4º ANO.pdf,Matemática,50,D056_M,Utilizar conversão entre unidades de medidas de tempo na resolução de problema.
ESCOLA MUNICIPALIZADA PREFEITO JOAO GURITO,MENDES,RIO DE JANEIRO,4º ANO,C:\Users\User1\Downloads\OneDrive_1_02-06-2026 (1)\ESCOLA MUNICIPALIZADA PREFEITO JOAO GURITO\Consolidado Saex - 4º ANO.pdf,Matemática,33,D066_M,"Utilizar números naturais, envolvendo diferentes significados da adição ou da subtração, na resolução de problemas."
ESCOLA MUNICIPALIZADA PREFEITO JOAO GURITO,MENDES,RIO DE JANEIRO,4º ANO,C:\Users\User1\Downloads\OneDrive_1_02-06-2026 (1)\ESCOLA MUNICIPALIZADA PREFEITO JOAO GURITO\Consolidado Saex - 4º ANO.pdf,Matemática,33,D011_M,Corresponder o horário de início e de término com o intervalo de duração de um evento ou acontecimento.
ESCOLA MUNICIPALIZADA PREFEITO JOAO GURITO,MENDES,RIO DE JANEIRO,4º ANO,C:\Users\User1\Downloads\OneDrive_1_02-06-2026 (1)\ESCOLA MUNICIPALIZADA PREFEITO JOAO GURITO\Consolidado Saex - 4º ANO.pdf,Matemática,60,D022_M,Identificar a localização ou a movimentação de pessoas ou objetos em uma representação plana do espaço.
ESCOLA MUNICIPALIZADA PREFEITO JOAO GURITO,MENDES,RIO DE JANEIRO,4º ANO,C:\Users\User1\Downloads\OneDrive_1_02-06-2026 (1)\ESCOLA MUNICIPALIZADA PREFEITO JOAO GURITO\Consolidado Saex - 4º ANO.pdf,Matemática,67,D023_M,Identificar composições ou decomposições de números naturais.
ESCOLA MUNICIPALIZADA PREFEITO JOAO GURITO,MENDES,RIO DE JANEIRO,4º ANO,C:\Users\User1\Downloads\OneDrive_1_02-06-2026 (1)\ESCOLA MUNICIPALIZADA PREFEITO JOAO GURITO\Consolidado Saex - 4º ANO.pdf,Matemática,60,D027_M,Identificar informações a partir de dados dispostos em tabelas.
ESCOLA MUNICIPALIZADA PREFEITO JOAO GURITO,MENDES,RIO DE JANEIRO,4º ANO,C:\Users\User1\Downloads\OneDrive_1_02-06-2026 (1)\ESCOLA MUNICIPALIZADA PREFEITO JOAO GURITO\Consolidado Saex - 4º ANO.pdf,Matemática,60,D029_M,Identificar números naturais segundo critérios de ordem.
ESCOLA MUNICIPALIZADA PREFEITO JOAO GURITO,MENDES,RIO DE JANEIRO,4º ANO,C:\Users\User1\Downloads\OneDrive_1_02-06-2026 (1)\ESCOLA MUNICIPALIZADA PREFEITO JOAO GURITO\Consolidado Saex - 4º ANO.pdf,Matemática,93,D017_M,Executar adição ou subtração com números naturais.
ESCOLA MUNICIPALIZADA PREFEITO JOAO GURITO,MENDES,RIO DE JANEIRO,4º ANO,C:\Users\User1\Downloads\OneDrive_1_02-06-2026 (1)\ESCOLA MUNICIPALIZADA PREFEITO JOAO GURITO\Consolidado Saex - 4º ANO.pdf,Matemática,87,D008_M,Corresponder números naturais à sua escrita por extenso.
ESCOLA MUNICIPALIZADA PREFEITO JOAO GURITO,MENDES,RIO DE JANEIRO,4º ANO,C:\Users\User1\Downloads\OneDrive_1_02-06-2026 (1)\ESCOLA MUNICIPALIZADA PREFEITO JOAO GURITO\Consolidado Saex - 4º ANO.pdf,Matemática,87,D024_M,Identificar dados apresentados por meio de gráficos.
ESCOLA MUNICIPALIZADA PREFEITO JOAO GURITO,MENDES,RIO DE JANEIRO,4º ANO,C:\Users\User1\Downloads\OneDrive_1_02-06-2026 (1)\ESCOLA MUNICIPALIZADA PREFEITO JOAO GURITO\Consolidado Saex - 4º ANO.pdf,Matemática,80,D033_M,Identificar representações de figuras tridimensionais.
ESCOLA MUNICIPALIZADA PREFEITO JOAO GURITO,MENDES,RIO DE JANEIRO,4º ANO,C:\Users\User1\Downloads\OneDrive_1_02-06-2026 (1)\ESCOLA MUNICIPALIZADA PREFEITO JOAO GURITO\Consolidado Saex - 4º ANO.pdf,Matemática,73,D067_M,"Utilizar números naturais, envolvendo diferentes significados da multiplicação ou da divisão, na resolução de problemas."
ESCOLA MUNICIPALIZADA PREFEITO JOAO GURITO,MENDES,RIO DE JANEIRO,4º ANO,C:\Users\User1\Downloads\OneDrive_1_02-06-2026 (1)\ESCOLA MUNICIPALIZADA PREFEITO JOAO GURITO\Consolidado Saex - 4º ANO.pdf,Matemática,60,D007_M,Corresponder números naturais a pontos da reta numérica.
ESCOLA MUNICIPALIZADA PREFEITO JOAO GURITO,MENDES,RIO DE JANEIRO,4º ANO,C:\Users\User1\Downloads\OneDrive_1_02-06-2026 (1)\ESCOLA MUNICIPALIZADA PREFEITO JOAO GURITO\Consolidado Saex - 4º ANO.pdf,Matemática,60,D042_M,Reconhecer características do sistema de numeração decimal.
ESCOLA MUNICIPALIZADA PREFEITO JOAO GURITO,MENDES,RIO DE JANEIRO,5º ANO,C:\Users\User1\Downloads\OneDrive_1_02-06-2026 (1)\ESCOLA MUNICIPALIZADA PREFEITO JOAO GURITO\Consolidado Saex - 5º ANO.pdf,Língua Portuguesa,77,D017_P,Reconhecer o gênero de um texto.
ESCOLA MUNICIPALIZADA PREFEITO JOAO GURITO,MENDES,RIO DE JANEIRO,5º ANO,C:\Users\User1\Downloads\OneDrive_1_02-06-2026 (1)\ESCOLA MUNICIPALIZADA PREFEITO JOAO GURITO\Consolidado Saex - 5º ANO.pdf,Língua Portuguesa,77,D057_P,Interpretar textos que articulam elementos verbais e não verbais.
ESCOLA MUNICIPALIZADA PREFEITO JOAO GURITO,MENDES,RIO DE JANEIRO,5º ANO,C:\Users\User1\Downloads\OneDrive_1_02-06-2026 (1)\ESCOLA MUNICIPALIZADA PREFEITO JOAO GURITO\Consolidado Saex - 5º ANO.pdf,Língua Portuguesa,73,D012_P,"Identificar efeito de sentido decorrente de recursos gráficos, seleção lexical e repetição."
ESCOLA MUNICIPALIZADA PREFEITO JOAO GURITO,MENDES,RIO DE JANEIRO,5º ANO,C:\Users\User1\Downloads\OneDrive_1_02-06-2026 (1)\ESCOLA MUNICIPALIZADA PREFEITO JOAO GURITO\Consolidado Saex - 5º ANO.pdf,Língua Portuguesa,65,D030_P,Reconhecer os elementos que compõem uma narrativa e o conflito gerador.
ESCOLA MUNICIPALIZADA PREFEITO JOAO GURITO,MENDES,RIO DE JANEIRO,5º ANO,C:\Users\User1\Downloads\OneDrive_1_02-06-2026 (1)\ESCOLA MUNICIPALIZADA PREFEITO JOAO GURITO\Consolidado Saex - 5º ANO.pdf,Língua Portuguesa,62,D023_P,Inferir informações em textos.
ESCOLA MUNICIPALIZADA PREFEITO JOAO GURITO,MENDES,RIO DE JANEIRO,5º ANO,C:\Users\User1\Downloads\OneDrive_1_02-06-2026 (1)\ESCOLA MUNICIPALIZADA PREFEITO JOAO GURITO\Consolidado Saex - 5º ANO.pdf,Língua Portuguesa,55,D022_P,Inferir o sentido de palavra ou expressão a partir do contexto.
ESCOLA MUNICIPALIZADA PREFEITO JOAO GURITO,MENDES,RIO DE JANEIRO,5º ANO,C:\Users\User1\Downloads\OneDrive_1_02-06-2026 (1)\ESCOLA MUNICIPALIZADA PREFEITO JOAO GURITO\Consolidado Saex - 5º ANO.pdf,Língua Portuguesa,48,D037_P,"Reconhecer as relações entre partes de um texto, identificando os recursos coesivos que contribuem para a sua continuidade."
ESCOLA MUNICIPALIZADA PREFEITO JOAO GURITO,MENDES,RIO DE JANEIRO,5º ANO,C:\Users\User1\Downloads\OneDrive_1_02-06-2026 (1)\ESCOLA MUNICIPALIZADA PREFEITO JOAO GURITO\Consolidado Saex - 5º ANO.pdf,Língua Portuguesa,41,D021_P,Localizar informação explícita.
ESCOLA MUNICIPALIZADA PREFEITO JOAO GURITO,MENDES,RIO DE JANEIRO,5º ANO,C:\Users\User1\Downloads\OneDrive_1_02-06-2026 (1)\ESCOLA MUNICIPALIZADA PREFEITO JOAO GURITO\Consolidado Saex - 5º ANO.pdf,Língua Portuguesa,41,D016_P,Identificar a finalidade de textos de diferentes gêneros.
ESCOLA MUNICIPALIZADA PREFEITO JOAO GURITO,MENDES,RIO DE JANEIRO,5º ANO,C:\Users\User1\Downloads\OneDrive_1_02-06-2026 (1)\ESCOLA MUNICIPALIZADA PREFEITO JOAO GURITO\Consolidado Saex - 5º ANO.pdf,Língua Portuguesa,30,D039_P,Reconhecer o sentido das relações lógico-discursivas em um texto.
ESCOLA MUNICIPALIZADA PREFEITO JOAO GURITO,MENDES,RIO DE JANEIRO,5º ANO,C:\Users\User1\Downloads\OneDrive_1_02-06-2026 (1)\ESCOLA MUNICIPALIZADA PREFEITO JOAO GURITO\Consolidado Saex - 5º ANO.pdf,Língua Portuguesa,27,D028_P,Reconhecer o assunto de um texto lido. (Matemática):
ESCOLA MUNICIPALIZADA PREFEITO JOAO GURITO,MENDES,RIO DE JANEIRO,5º ANO,C:\Users\User1\Downloads\OneDrive_1_02-06-2026 (1)\ESCOLA MUNICIPALIZADA PREFEITO JOAO GURITO\Consolidado Saex - 5º ANO.pdf,Matemática,81,D033_M,Identificar representações de figuras tridimensionais.
ESCOLA MUNICIPALIZADA PREFEITO JOAO GURITO,MENDES,RIO DE JANEIRO,5º ANO,C:\Users\User1\Downloads\OneDrive_1_02-06-2026 (1)\ESCOLA MUNICIPALIZADA PREFEITO JOAO GURITO\Consolidado Saex - 5º ANO.pdf,Matemática,100,D008_M,Corresponder números naturais à sua escrita por extenso.
ESCOLA MUNICIPALIZADA PREFEITO JOAO GURITO,MENDES,RIO DE JANEIRO,5º ANO,C:\Users\User1\Downloads\OneDrive_1_02-06-2026 (1)\ESCOLA MUNICIPALIZADA PREFEITO JOAO GURITO\Consolidado Saex - 5º ANO.pdf,Matemática,95,D022_M,Identificar a localização ou a movimentação de pessoas ou objetos em uma representação plana do espaço.
ESCOLA MUNICIPALIZADA PREFEITO JOAO GURITO,MENDES,RIO DE JANEIRO,5º ANO,C:\Users\User1\Downloads\OneDrive_1_02-06-2026 (1)\ESCOLA MUNICIPALIZADA PREFEITO JOAO GURITO\Consolidado Saex - 5º ANO.pdf,Matemática,10,D010_M,Corresponder números racionais na representação decimal à sua escrita por extenso.
ESCOLA MUNICIPALIZADA PREFEITO JOAO GURITO,MENDES,RIO DE JANEIRO,5º ANO,C:\Users\User1\Downloads\OneDrive_1_02-06-2026 (1)\ESCOLA MUNICIPALIZADA PREFEITO JOAO GURITO\Consolidado Saex - 5º ANO.pdf,Matemática,5,D026_M,Identificar frações equivalentes.
ESCOLA MUNICIPALIZADA PREFEITO JOAO GURITO,MENDES,RIO DE JANEIRO,5º ANO,C:\Users\User1\Downloads\OneDrive_1_02-06-2026 (1)\ESCOLA MUNICIPALIZADA PREFEITO JOAO GURITO\Consolidado Saex - 5º ANO.pdf,Matemática,21,D045_M,Reconhecer horas em relógios digitais e/ou analógicos.
ESCOLA MUNICIPALIZADA PREFEITO JOAO GURITO,MENDES,RIO DE JANEIRO,5º ANO,C:\Users\User1\Downloads\OneDrive_1_02-06-2026 (1)\ESCOLA MUNICIPALIZADA PREFEITO JOAO GURITO\Consolidado Saex - 5º ANO.pdf,Matemática,19,D055_M,"Utilizar conversão entre unidades de medida, na resolução de problema."
ESCOLA MUNICIPALIZADA PREFEITO JOAO GURITO,MENDES,RIO DE JANEIRO,5º ANO,C:\Users\User1\Downloads\OneDrive_1_02-06-2026 (1)\ESCOLA MUNICIPALIZADA PREFEITO JOAO GURITO\Consolidado Saex - 5º ANO.pdf,Matemática,19,D080_M,Utilizar perímetro de figuras bidimensionais na resolução de problema.
ESCOLA MUNICIPALIZADA PREFEITO JOAO GURITO,MENDES,RIO DE JANEIRO,5º ANO,C:\Users\User1\Downloads\OneDrive_1_02-06-2026 (1)\ESCOLA MUNICIPALIZADA PREFEITO JOAO GURITO\Consolidado Saex - 5º ANO.pdf,Matemática,21,D011_M,Corresponder o horário de início e de término com o intervalo de duração de um evento ou acontecimento.
ESCOLA MUNICIPALIZADA PREFEITO JOAO GURITO,MENDES,RIO DE JANEIRO,5º ANO,C:\Users\User1\Downloads\OneDrive_1_02-06-2026 (1)\ESCOLA MUNICIPALIZADA PREFEITO JOAO GURITO\Consolidado Saex - 5º ANO.pdf,Matemática,48,D009_M,Corresponder números racionais a pontos da reta numérica.
ESCOLA MUNICIPALIZADA PREFEITO JOAO GURITO,MENDES,RIO DE JANEIRO,5º ANO,C:\Users\User1\Downloads\OneDrive_1_02-06-2026 (1)\ESCOLA MUNICIPALIZADA PREFEITO JOAO GURITO\Consolidado Saex - 5º ANO.pdf,Matemática,38,D007_M,Corresponder números naturais a pontos da reta numérica.
ESCOLA MUNICIPALIZADA PREFEITO JOAO GURITO,MENDES,RIO DE JANEIRO,5º ANO,C:\Users\User1\Downloads\OneDrive_1_02-06-2026 (1)\ESCOLA MUNICIPALIZADA PREFEITO JOAO GURITO\Consolidado Saex - 5º ANO.pdf,Matemática,33,D044_M,Reconhecer fração como representação associada a diferentes significados.
ESCOLA MUNICIPALIZADA PREFEITO JOAO GURITO,MENDES,RIO DE JANEIRO,5º ANO,C:\Users\User1\Downloads\OneDrive_1_02-06-2026 (1)\ESCOLA MUNICIPALIZADA PREFEITO JOAO GURITO\Consolidado Saex - 5º ANO.pdf,Matemática,81,D042_M,Reconhecer características do sistema de numeração decimal.
ESCOLA MUNICIPALIZADA PREFEITO JOAO GURITO,MENDES,RIO DE JANEIRO,5º ANO,C:\Users\User1\Downloads\OneDrive_1_02-06-2026 (1)\ESCOLA MUNICIPALIZADA PREFEITO JOAO GURITO\Consolidado Saex - 5º ANO.pdf,Matemática,76,D066_M,"Utilizar números naturais, envolvendo diferentes significados da adição ou da subtração, na resolução de problemas."
ESCOLA MUNICIPALIZADA PREFEITO JOAO GURITO,MENDES,RIO DE JANEIRO,5º ANO,C:\Users\User1\Downloads\OneDrive_1_02-06-2026 (1)\ESCOLA MUNICIPALIZADA PREFEITO JOAO GURITO\Consolidado Saex - 5º ANO.pdf,Matemática,71,D012_M,Corresponder objetos em uma representação plana do espaço à sua localização descrita por meio de um par ordenado.
ESCOLA MUNICIPALIZADA PREFEITO JOAO GURITO,MENDES,RIO DE JANEIRO,5º ANO,C:\Users\User1\Downloads\OneDrive_1_02-06-2026 (1)\ESCOLA MUNICIPALIZADA PREFEITO JOAO GURITO\Consolidado Saex - 5º ANO.pdf,Matemática,52,D065_M,"Utilizar números naturais e racionais, envolvendo diferentes significados da adição ou da subtração, na resolução de problemas."
ESCOLA MUNICIPALIZADA PREFEITO JOAO GURITO,MENDES,RIO DE JANEIRO,5º ANO,C:\Users\User1\Downloads\OneDrive_1_02-06-2026 (1)\ESCOLA MUNICIPALIZADA PREFEITO JOAO GURITO\Consolidado Saex - 5º ANO.pdf,Matemática,52,D037_M,"Identificar uma sequência crescente ou decrescente, dentre uma coleção de sequências de números naturais."
ESCOLA MUNICIPALIZADA PREFEITO JOAO GURITO,MENDES,RIO DE JANEIRO,5º ANO,C:\Users\User1\Downloads\OneDrive_1_02-06-2026 (1)\ESCOLA MUNICIPALIZADA PREFEITO JOAO GURITO\Consolidado Saex - 5º ANO.pdf,Matemática,29,D031_M,"Identificar polígonos de acordo com as características dos seus lados, vértices e ângulos internos."
ESCOLA MUNICIPALIZADA PREFEITO JOAO GURITO,MENDES,RIO DE JANEIRO,5º ANO,C:\Users\User1\Downloads\OneDrive_1_02-06-2026 (1)\ESCOLA MUNICIPALIZADA PREFEITO JOAO GURITO\Consolidado Saex - 5º ANO.pdf,Matemática,24,D015_M,Determinar o número desconhecido que torna verdadeira uma igualdade matemática envolvendo representação simbólica.
